[20:46:39] жду завершения fp8-ext
[23:13:45] fp8-ext завершён, пауза 90с на освобождение GPU
[23:15:15] стартую AWQ, 300 задач, полный протокол
[23:15:15] power limit: 0, 220.00 W 1, 220.00 W 2, 220.00 W 3, 220.00 W 
[23:15:15] starting vLLM: awq (/mnt/ssd/models/Qwen3.8-27B-AWQ-INT4)
[23:20:11] ready after 300s
[23:20:11] === ANTI-FAKE GATE: effort must reach the model ===
effort gradient on rg-propositional_logic-001 (reference: 500 -> 12331 tok, 24.7x):
  low    completion=    468 thinking_chars=   1051 answer_chars=   337 finish=stop
  xhigh  completion=   9048 thinking_chars=  30468 answer_chars=    38 finish=stop
OK: xhigh spends 19.3x the tokens of low (reference 24.7x on the same task)
[23:22:21] === STAGE: --efforts xhigh --repeats 1 ===
300 tasks x ['xhigh'] x 1 = 300 calls, concurrency 4
[1/300] rg-intermediate_integration-002 xhigh r1 rt=None ct=643 $0.00 
[2/300] rg-intermediate_integration-003 xhigh r1 rt=None ct=949 $0.00 
[3/300] rg-intermediate_integration-001 xhigh r1 rt=None ct=1275 $0.00 
[4/300] rg-intermediate_integration-004 xhigh r1 rt=None ct=826 $0.00 
[5/300] rg-intermediate_integration-006 xhigh r1 rt=None ct=688 $0.00 
[6/300] rg-intermediate_integration-008 xhigh r1 rt=None ct=316 $0.00 
[7/300] rg-intermediate_integration-009 xhigh r1 rt=None ct=1072 $0.00 
[8/300] rg-intermediate_integration-007 xhigh r1 rt=None ct=2467 $0.00 
[9/300] rg-propositional_logic-000 xhigh r1 rt=None ct=640 $0.00 
[10/300] rg-intermediate_integration-005 xhigh r1 rt=None ct=4441 $0.00 
[11/300] rg-propositional_logic-003 xhigh r1 rt=None ct=881 $0.00 
[12/300] rg-intermediate_integration-000 xhigh r1 rt=None ct=7662 $0.00 
[13/300] rg-propositional_logic-004 xhigh r1 rt=None ct=3664 $0.00 
[14/300] rg-propositional_logic-006 xhigh r1 rt=None ct=415 $0.00 
[15/300] rg-propositional_logic-005 xhigh r1 rt=None ct=3196 $0.00 
[16/300] rg-propositional_logic-008 xhigh r1 rt=None ct=623 $0.00 
[17/300] rg-propositional_logic-009 xhigh r1 rt=None ct=270 $0.00 
[18/300] rg-word_ladder-000 xhigh r1 rt=None ct=244 $0.00 
[19/300] rg-propositional_logic-002 xhigh r1 rt=None ct=8518 $0.00 
[20/300] rg-propositional_logic-001 xhigh r1 rt=None ct=8601 $0.00 
[21/300] rg-word_ladder-003 xhigh r1 rt=None ct=410 $0.00 
[22/300] rg-propositional_logic-007 xhigh r1 rt=None ct=2730 $0.00 
[23/300] rg-word_ladder-002 xhigh r1 rt=None ct=818 $0.00 
[24/300] rg-word_ladder-006 xhigh r1 rt=None ct=666 $0.00 
[25/300] rg-word_ladder-004 xhigh r1 rt=None ct=1516 $0.00 
[26/300] rg-word_ladder-007 xhigh r1 rt=None ct=985 $0.00 
[27/300] rg-number_sequence-001 xhigh r1 rt=None ct=393 $0.00 
[28/300] rg-number_sequence-002 xhigh r1 rt=None ct=78 $0.00 
[29/300] rg-number_sequence-003 xhigh r1 rt=None ct=85 $0.00 
[30/300] rg-number_sequence-004 xhigh r1 rt=None ct=61 $0.00 
[31/300] rg-number_sequence-005 xhigh r1 rt=None ct=1090 $0.00 
[32/300] rg-number_sequence-000 xhigh r1 rt=None ct=2931 $0.00 
[33/300] rg-word_ladder-005 xhigh r1 rt=None ct=5473 $0.00 
[34/300] rg-number_sequence-007 xhigh r1 rt=None ct=1647 $0.00 
[35/300] rg-word_ladder-001 xhigh r1 rt=None ct=9989 $0.00 
[36/300] rg-rush_hour-000 xhigh r1 rt=None ct=4228 $0.00 
[37/300] rg-rush_hour-002 xhigh r1 rt=None ct=5678 $0.00 
[38/300] rg-rush_hour-001 xhigh r1 rt=None ct=18699 $0.00 
[39/300] ma-hmmt_feb_2026-4 xhigh r1 rt=None ct=10686 $0.00 
[40/300] rg-number_sequence-006 xhigh r1 rt=None ct=32075 $0.00 
[41/300] rg-rush_hour-003 xhigh r1 rt=None ct=27883 $0.00 
[42/300] ma-hmmt_feb_2026-11 xhigh r1 rt=None ct=878 $0.00 
[43/300] ma-hmmt_feb_2026-5 xhigh r1 rt=None ct=25485 $0.00 
[44/300] ma-hmmt_feb_2026-13 xhigh r1 rt=None ct=14090 $0.00 
[45/300] ma-hmmt_feb_2026-14 xhigh r1 rt=None ct=2529 $0.00 
[46/300] ma-hmmt_feb_2026-9 xhigh r1 rt=None ct=26879 $0.00 
[47/300] ma-hmmt_feb_2026-26 xhigh r1 rt=None ct=53639 $0.00 
[48/300] ma-hmmt_feb_2026-25 xhigh r1 rt=None ct=58025 $0.00 
[49/300] ma-hmmt_feb_2026-32 xhigh r1 rt=None ct=6771 $0.00 
[50/300] ma-aime_2026-2 xhigh r1 rt=None ct=2709 $0.00 
[51/300] ma-hmmt_feb_2026-29 xhigh r1 rt=None ct=62579 $0.00 
[52/300] ma-hmmt_feb_2026-30 xhigh r1 rt=None ct=21101 $0.00 
[53/300] ma-aime_2026-21 xhigh r1 rt=None ct=5235 $0.00 
[54/300] if-5 xhigh r1 rt=None ct=6215 $0.00 
[55/300] if-18 xhigh r1 rt=None ct=859 $0.00 
[56/300] if-44 xhigh r1 rt=None ct=1445 $0.00 
[57/300] ma-hmmt_feb_2026-7 xhigh r1 rt=None ct=115556 $0.00 
[58/300] if-49 xhigh r1 rt=None ct=4968 $0.00 
[59/300] if-89 xhigh r1 rt=None ct=3070 $0.00 
[60/300] if-97 xhigh r1 rt=None ct=489 $0.00 
[61/300] if-99 xhigh r1 rt=None ct=1766 $0.00 
[62/300] if-160 xhigh r1 rt=None ct=3038 $0.00 
[63/300] if-170 xhigh r1 rt=None ct=25811 $0.00 
[64/300] if-197 xhigh r1 rt=None ct=898 $0.00 
[65/300] if-124 xhigh r1 rt=None ct=41507 $0.00 
[66/300] if-204 xhigh r1 rt=None ct=20878 $0.00 
[67/300] ma-aime_2026-30 xhigh r1 rt=None ct=80636 $0.00 
[68/300] if-221 xhigh r1 rt=None ct=3612 $0.00 
[69/300] if-239 xhigh r1 rt=None ct=3672 $0.00 
[70/300] if-205 xhigh r1 rt=None ct=29874 $0.00 
[71/300] if-245 xhigh r1 rt=None ct=1731 $0.00 
[72/300] if-248 xhigh r1 rt=None ct=5882 $0.00 
[73/300] if-283 xhigh r1 rt=None ct=719 $0.00 
[74/300] if-209 xhigh r1 rt=None ct=26416 $0.00 
[75/300] bfcl-live_multiple_286-129-1 xhigh r1 rt=None ct=145 $0.00 
[76/300] bfcl-live_multiple_121-46-0 xhigh r1 rt=None ct=571 $0.00 
[77/300] bfcl-live_multiple_316-132-6 xhigh r1 rt=None ct=107 $0.00 
[78/300] bfcl-live_multiple_562-155-2 xhigh r1 rt=None ct=102 $0.00 
[79/300] bfcl-live_multiple_628-160-8 xhigh r1 rt=None ct=130 $0.00 
[80/300] ma-aime_2026-15 xhigh r1 rt=None ct=103107 $0.00 
[81/300] bfcl-live_multiple_802-175-8 xhigh r1 rt=None ct=112 $0.00 
[82/300] bfcl-live_multiple_1030-258-0 xhigh r1 rt=None ct=130 $0.00 
[83/300] bfcl-live_simple_4-3-0 xhigh r1 rt=None ct=91 $0.00 
[84/300] bfcl-live_simple_118-74-0 xhigh r1 rt=None ct=73 $0.00 
[85/300] bfcl-live_simple_173-99-7 xhigh r1 rt=None ct=58 $0.00 
[86/300] bfcl-live_simple_158-95-15 xhigh r1 rt=None ct=134 $0.00 
[87/300] bfcl-live_multiple_607-159-0 xhigh r1 rt=None ct=590 $0.00 
[88/300] bfcl-live_simple_176-102-0 xhigh r1 rt=None ct=149 $0.00 
[89/300] bfcl-live_simple_222-117-14 xhigh r1 rt=None ct=151 $0.00 
[90/300] bfcl-live_simple_180-105-0 xhigh r1 rt=None ct=374 $0.00 
[91/300] bfcl-live_simple_234-123-1 xhigh r1 rt=None ct=369 $0.00 
[92/300] bfcl-irrelevance_1 xhigh r1 rt=None ct=315 $0.00 
[93/300] bfcl-irrelevance_221 xhigh r1 rt=None ct=292 $0.00 
[94/300] bfcl-irrelevance_81 xhigh r1 rt=None ct=620 $0.00 
[95/300] bfcl-irrelevance_149 xhigh r1 rt=None ct=732 $0.00 
[96/300] bfcl-live_parallel_multiple_7-6-0 xhigh r1 rt=None ct=195 $0.00 
[97/300] bfcl-live_parallel_multiple_16-14-0 xhigh r1 rt=None ct=163 $0.00 
[98/300] bfcl-live_parallel_multiple_19-16-1 xhigh r1 rt=None ct=247 $0.00 
[99/300] rg-intermediate_integration-110 xhigh r1 rt=None ct=958 $0.00 
[100/300] rg-intermediate_integration-111 xhigh r1 rt=None ct=867 $0.00 
[101/300] bfcl-live_parallel_multiple_4-3-0 xhigh r1 rt=None ct=2293 $0.00 
[102/300] rg-intermediate_integration-112 xhigh r1 rt=None ct=1210 $0.00 
[103/300] rg-intermediate_integration-113 xhigh r1 rt=None ct=1765 $0.00 
[104/300] rg-intermediate_integration-116 xhigh r1 rt=None ct=579 $0.00 
[105/300] rg-intermediate_integration-114 xhigh r1 rt=None ct=2091 $0.00 
[106/300] rg-intermediate_integration-115 xhigh r1 rt=None ct=1681 $0.00 
[107/300] rg-intermediate_integration-117 xhigh r1 rt=None ct=2052 $0.00 
[108/300] rg-intermediate_integration-119 xhigh r1 rt=None ct=1584 $0.00 
[109/300] rg-intermediate_integration-121 xhigh r1 rt=None ct=656 $0.00 
[110/300] rg-intermediate_integration-122 xhigh r1 rt=None ct=348 $0.00 
[111/300] rg-intermediate_integration-120 xhigh r1 rt=None ct=4306 $0.00 
[112/300] rg-intermediate_integration-123 xhigh r1 rt=None ct=3349 $0.00 
[113/300] if-268 xhigh r1 rt=None ct=18210 $0.00 
[114/300] rg-intermediate_integration-118 xhigh r1 rt=None ct=6607 $0.00 
[115/300] rg-intermediate_integration-127 xhigh r1 rt=None ct=1088 $0.00 
[116/300] rg-intermediate_integration-126 xhigh r1 rt=None ct=1375 $0.00 
[117/300] rg-intermediate_integration-125 xhigh r1 rt=None ct=2215 $0.00 
[118/300] rg-intermediate_integration-124 xhigh r1 rt=None ct=2456 $0.00 
[119/300] rg-intermediate_integration-128 xhigh r1 rt=None ct=751 $0.00 
[120/300] rg-intermediate_integration-130 xhigh r1 rt=None ct=1563 $0.00 
[121/300] rg-propositional_logic-112 xhigh r1 rt=None ct=5484 $0.00 
[122/300] rg-propositional_logic-114 xhigh r1 rt=None ct=336 $0.00 
[123/300] rg-propositional_logic-110 xhigh r1 rt=None ct=8859 $0.00 
[124/300] rg-propositional_logic-113 xhigh r1 rt=None ct=8869 $0.00 
[125/300] rg-propositional_logic-117 xhigh r1 rt=None ct=159 $0.00 
[126/300] rg-propositional_logic-118 xhigh r1 rt=None ct=976 $0.00 
[127/300] rg-propositional_logic-111 xhigh r1 rt=None ct=11247 $0.00 
[128/300] rg-propositional_logic-120 xhigh r1 rt=None ct=1802 $0.00 
[129/300] rg-propositional_logic-121 xhigh r1 rt=None ct=1172 $0.00 
[130/300] rg-propositional_logic-122 xhigh r1 rt=None ct=2162 $0.00 
[131/300] rg-propositional_logic-123 xhigh r1 rt=None ct=199 $0.00 
[132/300] rg-propositional_logic-124 xhigh r1 rt=None ct=112 $0.00 
[133/300] rg-propositional_logic-116 xhigh r1 rt=None ct=9877 $0.00 
[134/300] rg-propositional_logic-125 xhigh r1 rt=None ct=3380 $0.00 
[135/300] rg-propositional_logic-127 xhigh r1 rt=None ct=1025 $0.00 
[136/300] rg-propositional_logic-119 xhigh r1 rt=None ct=10550 $0.00 
[137/300] rg-propositional_logic-115 xhigh r1 rt=None ct=17960 $0.00 
[138/300] rg-propositional_logic-129 xhigh r1 rt=None ct=2315 $0.00 
[139/300] rg-propositional_logic-126 xhigh r1 rt=None ct=6168 $0.00 
[140/300] rg-word_ladder-108 xhigh r1 rt=None ct=1067 $0.00 
[141/300] rg-word_ladder-111 xhigh r1 rt=None ct=681 $0.00 
[142/300] rg-word_ladder-109 xhigh r1 rt=None ct=2567 $0.00 
[143/300] rg-word_ladder-110 xhigh r1 rt=None ct=2833 $0.00 
[144/300] rg-propositional_logic-128 xhigh r1 rt=None ct=7482 $0.00 
[145/300] rg-word_ladder-112 xhigh r1 rt=None ct=3370 $0.00 
[146/300] rg-word_ladder-113 xhigh r1 rt=None ct=5184 $0.00 
[147/300] rg-word_ladder-115 xhigh r1 rt=None ct=3269 $0.00 
[148/300] rg-word_ladder-117 xhigh r1 rt=None ct=2104 $0.00 
[149/300] rg-word_ladder-119 xhigh r1 rt=None ct=5167 $0.00 
[150/300] rg-word_ladder-118 xhigh r1 rt=None ct=13795 $0.00 
[151/300] rg-word_ladder-116 xhigh r1 rt=None ct=19991 $0.00 
[152/300] rg-word_ladder-122 xhigh r1 rt=None ct=706 $0.00 
[153/300] rg-word_ladder-123 xhigh r1 rt=None ct=1539 $0.00 
[154/300] rg-number_sequence-108 xhigh r1 rt=None ct=2597 $0.00 
[155/300] rg-word_ladder-120 xhigh r1 rt=None ct=27288 $0.00 
[156/300] rg-number_sequence-109 xhigh r1 rt=None ct=23665 $0.00 
[157/300] rg-number_sequence-111 xhigh r1 rt=None ct=121 $0.00 
[158/300] rg-number_sequence-112 xhigh r1 rt=None ct=275 $0.00 
[159/300] rg-number_sequence-113 xhigh r1 rt=None ct=186 $0.00 
[160/300] rg-number_sequence-114 xhigh r1 rt=None ct=97 $0.00 
[161/300] rg-number_sequence-115 xhigh r1 rt=None ct=128 $0.00 
[162/300] rg-number_sequence-110 xhigh r1 rt=None ct=11988 $0.00 
[163/300] rg-number_sequence-116 xhigh r1 rt=None ct=12613 $0.00 
[164/300] rg-number_sequence-118 xhigh r1 rt=None ct=61 $0.00 
[165/300] rg-number_sequence-119 xhigh r1 rt=None ct=252 $0.00 
[166/300] rg-number_sequence-120 xhigh r1 rt=None ct=158 $0.00 
[167/300] rg-number_sequence-121 xhigh r1 rt=None ct=345 $0.00 
[168/300] rg-number_sequence-122 xhigh r1 rt=None ct=58 $0.00 
[169/300] rg-number_sequence-123 xhigh r1 rt=None ct=67 $0.00 
[170/300] rg-number_sequence-124 xhigh r1 rt=None ct=168 $0.00 
[171/300] rg-number_sequence-117 xhigh r1 rt=None ct=17854 $0.00 
[172/300] rg-number_sequence-125 xhigh r1 rt=None ct=9911 $0.00 
[173/300] rg-number_sequence-127 xhigh r1 rt=None ct=105 $0.00 
[174/300] rg-word_ladder-121 xhigh r1 rt=None ct=60153 $0.00 
[175/300] rg-number_sequence-126 xhigh r1 rt=None ct=22261 $0.00 
[176/300] rg-rush_hour-105 xhigh r1 rt=None ct=15488 $0.00 
[177/300] rg-rush_hour-107 xhigh r1 rt=None ct=4400 $0.00 
[178/300] ma-hmmt_feb_2026-2 xhigh r1 rt=None ct=7683 $0.00 
[179/300] rg-rush_hour-104 xhigh r1 rt=None ct=35320 $0.00 
[180/300] rg-rush_hour-106 xhigh r1 rt=None ct=20308 $0.00 
[181/300] ma-hmmt_feb_2026-8 xhigh r1 rt=None ct=11953 $0.00 
[182/300] rg-word_ladder-114 xhigh r1 rt=None ct=131072 $0.00 
[183/300] ma-hmmt_feb_2026-10 xhigh r1 rt=None ct=25429 $0.00 
[184/300] ma-hmmt_feb_2026-6 xhigh r1 rt=None ct=32305 $0.00 
[185/300] ma-hmmt_feb_2026-24 xhigh r1 rt=None ct=5154 $0.00 
[186/300] ma-hmmt_feb_2026-23 xhigh r1 rt=None ct=15589 $0.00 
[187/300] ma-hmmt_feb_2026-19 xhigh r1 rt=None ct=57995 $0.00 
[188/300] ma-hmmt_feb_2026-28 xhigh r1 rt=None ct=40376 $0.00 
[189/300] ma-hmmt_feb_2026-18 xhigh r1 rt=None ct=71910 $0.00 
[190/300] if-12 xhigh r1 rt=None ct=3581 $0.00 
[191/300] if-21 xhigh r1 rt=None ct=949 $0.00 
[192/300] if-11 xhigh r1 rt=None ct=8172 $0.00 
[193/300] if-30 xhigh r1 rt=None ct=2139 $0.00 
[194/300] if-33 xhigh r1 rt=None ct=838 $0.00 
[195/300] if-60 xhigh r1 rt=None ct=711 $0.00 
[196/300] if-66 xhigh r1 rt=None ct=476 $0.00 
[197/300] if-69 xhigh r1 rt=None ct=4816 $0.00 
[198/300] if-74 xhigh r1 rt=None ct=972 $0.00 
[199/300] if-29 xhigh r1 rt=None ct=14292 $0.00 
[200/300] if-78 xhigh r1 rt=None ct=3369 $0.00 
[201/300] if-84 xhigh r1 rt=None ct=4551 $0.00 
[202/300] if-94 xhigh r1 rt=None ct=326 $0.00 
[203/300] ma-hmmt_feb_2026-31 xhigh r1 rt=None ct=29405 $0.00 
[204/300] if-110 xhigh r1 rt=None ct=2534 $0.00 
[205/300] if-112 xhigh r1 rt=None ct=2233 $0.00 
[206/300] if-91 xhigh r1 rt=None ct=7693 $0.00 
[207/300] if-125 xhigh r1 rt=None ct=3563 $0.00 
[208/300] if-139 xhigh r1 rt=None ct=2516 $0.00 
[209/300] if-133 xhigh r1 rt=None ct=5628 $0.00 
[210/300] if-140 xhigh r1 rt=None ct=1134 $0.00 
[211/300] if-135 xhigh r1 rt=None ct=5805 $0.00 
[212/300] if-155 xhigh r1 rt=None ct=2763 $0.00 
[213/300] if-156 xhigh r1 rt=None ct=1954 $0.00 
[214/300] if-161 xhigh r1 rt=None ct=1358 $0.00 
[215/300] if-164 xhigh r1 rt=None ct=8043 $0.00 
[216/300] if-149 xhigh r1 rt=None ct=17779 $0.00 
[217/300] if-173 xhigh r1 rt=None ct=3771 $0.00 
[218/300] if-150 xhigh r1 rt=None ct=28760 $0.00 
[219/300] if-179 xhigh r1 rt=None ct=11435 $0.00 
[220/300] if-195 xhigh r1 rt=None ct=2843 $0.00 
[221/300] ma-hmmt_feb_2026-27 xhigh r1 rt=None ct=119535 $0.00 
[222/300] if-166 xhigh r1 rt=None ct=21664 $0.00 
[223/300] if-198 xhigh r1 rt=None ct=2906 $0.00 
[224/300] if-224 xhigh r1 rt=None ct=1851 $0.00 
[225/300] if-210 xhigh r1 rt=None ct=9557 $0.00 
[226/300] if-234 xhigh r1 rt=None ct=910 $0.00 
[227/300] if-206 xhigh r1 rt=None ct=13692 $0.00 
[228/300] if-236 xhigh r1 rt=None ct=3950 $0.00 
[229/300] if-243 xhigh r1 rt=None ct=2766 $0.00 
[230/300] if-244 xhigh r1 rt=None ct=2137 $0.00 
[231/300] if-184 xhigh r1 rt=None ct=31894 $0.00 
[232/300] if-276 xhigh r1 rt=None ct=1431 $0.00 
[233/300] if-266 xhigh r1 rt=None ct=18118 $0.00 
[234/300] if-249 xhigh r1 rt=None ct=19707 $0.00 
[235/300] if-278 xhigh r1 rt=None ct=9873 $0.00 
[236/300] if-298 xhigh r1 rt=None ct=677 $0.00 
[237/300] if-293 xhigh r1 rt=None ct=1741 $0.00 
[238/300] bfcl-live_multiple_59-22-6 xhigh r1 rt=None ct=471 $0.00 
[239/300] bfcl-live_multiple_71-31-0 xhigh r1 rt=None ct=179 $0.00 
[240/300] bfcl-live_multiple_128-50-0 xhigh r1 rt=None ct=150 $0.00 
[241/300] if-285 xhigh r1 rt=None ct=3577 $0.00 
[242/300] bfcl-live_multiple_367-134-12 xhigh r1 rt=None ct=80 $0.00 
[243/300] bfcl-live_multiple_203-90-5 xhigh r1 rt=None ct=360 $0.00 
[244/300] bfcl-live_multiple_390-137-8 xhigh r1 rt=None ct=112 $0.00 
[245/300] bfcl-live_multiple_501-148-11 xhigh r1 rt=None ct=148 $0.00 
[246/300] bfcl-live_multiple_432-141-21 xhigh r1 rt=None ct=180 $0.00 
[247/300] bfcl-live_multiple_556-154-2 xhigh r1 rt=None ct=548 $0.00 
[248/300] bfcl-live_multiple_658-162-0 xhigh r1 rt=None ct=642 $0.00 
[249/300] bfcl-live_multiple_663-162-5 xhigh r1 rt=None ct=127 $0.00 
[250/300] bfcl-live_multiple_832-178-7 xhigh r1 rt=None ct=148 $0.00 
[251/300] bfcl-live_multiple_900-185-10 xhigh r1 rt=None ct=130 $0.00 
[252/300] bfcl-live_multiple_943-196-1 xhigh r1 rt=None ct=55 $0.00 
[253/300] if-299 xhigh r1 rt=None ct=3118 $0.00 
[254/300] bfcl-live_multiple_901-185-11 xhigh r1 rt=None ct=149 $0.00 
[255/300] bfcl-live_multiple_949-199-0 xhigh r1 rt=None ct=80 $0.00 
[256/300] bfcl-live_multiple_951-200-0 xhigh r1 rt=None ct=57 $0.00 
[257/300] bfcl-live_multiple_1007-236-0 xhigh r1 rt=None ct=62 $0.00 
[258/300] bfcl-live_multiple_970-211-0 xhigh r1 rt=None ct=138 $0.00 
[259/300] bfcl-live_simple_24-5-2 xhigh r1 rt=None ct=80 $0.00 
[260/300] bfcl-live_simple_25-5-3 xhigh r1 rt=None ct=114 $0.00 
[261/300] bfcl-live_simple_55-25-1 xhigh r1 rt=None ct=81 $0.00 
[262/300] bfcl-live_simple_61-29-1 xhigh r1 rt=None ct=73 $0.00 
[263/300] bfcl-live_simple_87-48-0 xhigh r1 rt=None ct=102 $0.00 
[264/300] bfcl-live_simple_98-58-0 xhigh r1 rt=None ct=114 $0.00 
[265/300] bfcl-live_simple_105-62-0 xhigh r1 rt=None ct=160 $0.00 
[266/300] bfcl-live_simple_126-82-0 xhigh r1 rt=None ct=182 $0.00 
[267/300] bfcl-live_multiple_974-214-0 xhigh r1 rt=None ct=727 $0.00 
[268/300] bfcl-live_simple_137-90-0 xhigh r1 rt=None ct=166 $0.00 
[269/300] bfcl-live_simple_130-84-0 xhigh r1 rt=None ct=286 $0.00 
[270/300] bfcl-live_simple_150-95-7 xhigh r1 rt=None ct=131 $0.00 
[271/300] bfcl-live_simple_139-92-0 xhigh r1 rt=None ct=235 $0.00 
[272/300] bfcl-live_simple_191-115-1 xhigh r1 rt=None ct=93 $0.00 
[273/300] bfcl-live_simple_195-116-3 xhigh r1 rt=None ct=108 $0.00 
[274/300] bfcl-live_simple_181-106-0 xhigh r1 rt=None ct=284 $0.00 
[275/300] bfcl-live_simple_210-117-2 xhigh r1 rt=None ct=94 $0.00 
[276/300] bfcl-live_simple_219-117-11 xhigh r1 rt=None ct=108 $0.00 
[277/300] bfcl-live_simple_228-119-0 xhigh r1 rt=None ct=102 $0.00 
[278/300] bfcl-live_simple_237-125-0 xhigh r1 rt=None ct=81 $0.00 
[279/300] bfcl-live_simple_233-123-0 xhigh r1 rt=None ct=190 $0.00 
[280/300] bfcl-irrelevance_68 xhigh r1 rt=None ct=840 $0.00 
[281/300] bfcl-irrelevance_101 xhigh r1 rt=None ct=842 $0.00 
[282/300] bfcl-irrelevance_106 xhigh r1 rt=None ct=882 $0.00 
[283/300] bfcl-irrelevance_115 xhigh r1 rt=None ct=262 $0.00 
[284/300] bfcl-irrelevance_167 xhigh r1 rt=None ct=204 $0.00 
[285/300] bfcl-irrelevance_172 xhigh r1 rt=None ct=205 $0.00 
[286/300] bfcl-irrelevance_218 xhigh r1 rt=None ct=164 $0.00 
[287/300] bfcl-live_parallel_multiple_1-1-0 xhigh r1 rt=None ct=151 $0.00 
[288/300] bfcl-live_parallel_multiple_0-0-0 xhigh r1 rt=None ct=282 $0.00 
[289/300] bfcl-irrelevance_132 xhigh r1 rt=None ct=958 $0.00 
[290/300] bfcl-live_parallel_multiple_3-2-1 xhigh r1 rt=None ct=415 $0.00 
[291/300] bfcl-live_parallel_multiple_13-11-0 xhigh r1 rt=None ct=224 $0.00 
[292/300] bfcl-live_parallel_multiple_2-2-0 xhigh r1 rt=None ct=879 $0.00 
[293/300] bfcl-live_parallel_multiple_14-12-0 xhigh r1 rt=None ct=219 $0.00 
[294/300] bfcl-live_parallel_multiple_12-10-1 xhigh r1 rt=None ct=601 $0.00 
[295/300] bfcl-live_parallel_multiple_15-13-0 xhigh r1 rt=None ct=139 $0.00 
[296/300] bfcl-live_parallel_multiple_18-16-0 xhigh r1 rt=None ct=220 $0.00 
[297/300] bfcl-live_parallel_multiple_17-15-0 xhigh r1 rt=None ct=242 $0.00 
[298/300] bfcl-live_parallel_multiple_20-17-0 xhigh r1 rt=None ct=365 $0.00 
[299/300] bfcl-live_parallel_multiple_21-18-0 xhigh r1 rt=None ct=303 $0.00 
[300/300] if-230 xhigh r1 rt=None ct=51404 $0.00 
done in 228.2 min: ok=300 skip=0 err=0 cost=$0.00
[03:10:35] === STAGE: --efforts off low medium --repeats 1 ===
300 tasks x ['off', 'low', 'medium'] x 1 = 900 calls, concurrency 4
[1/900] rg-intermediate_integration-000 off r1 rt=None ct=551 $0.00 
[2/900] rg-intermediate_integration-002 off r1 rt=None ct=708 $0.00 
[3/900] rg-intermediate_integration-003 off r1 rt=None ct=1059 $0.00 
[4/900] rg-intermediate_integration-004 off r1 rt=None ct=806 $0.00 
[5/900] rg-intermediate_integration-001 off r1 rt=None ct=1474 $0.00 
[6/900] rg-intermediate_integration-006 off r1 rt=None ct=730 $0.00 
[7/900] rg-intermediate_integration-007 off r1 rt=None ct=726 $0.00 
[8/900] rg-propositional_logic-000 off r1 rt=None ct=352 $0.00 
[9/900] rg-intermediate_integration-008 off r1 rt=None ct=1024 $0.00 
[10/900] rg-intermediate_integration-009 off r1 rt=None ct=755 $0.00 
[11/900] rg-intermediate_integration-005 off r1 rt=None ct=2126 $0.00 
[12/900] rg-propositional_logic-001 off r1 rt=None ct=686 $0.00 
[13/900] rg-propositional_logic-003 off r1 rt=None ct=610 $0.00 
[14/900] rg-propositional_logic-006 off r1 rt=None ct=168 $0.00 
[15/900] rg-propositional_logic-002 off r1 rt=None ct=1833 $0.00 
[16/900] rg-propositional_logic-005 off r1 rt=None ct=1224 $0.00 
[17/900] rg-propositional_logic-009 off r1 rt=None ct=133 $0.00 
[18/900] rg-word_ladder-000 off r1 rt=None ct=167 $0.00 
[19/900] rg-propositional_logic-004 off r1 rt=None ct=2031 $0.00 
[20/900] rg-propositional_logic-007 off r1 rt=None ct=1611 $0.00 
[21/900] rg-propositional_logic-008 off r1 rt=None ct=885 $0.00 
[22/900] rg-word_ladder-003 off r1 rt=None ct=594 $0.00 
[23/900] rg-word_ladder-002 off r1 rt=None ct=1395 $0.00 
[24/900] rg-word_ladder-004 off r1 rt=None ct=1955 $0.00 
[25/900] rg-word_ladder-006 off r1 rt=None ct=1569 $0.00 
[26/900] rg-word_ladder-005 off r1 rt=None ct=2422 $0.00 
[27/900] rg-number_sequence-001 off r1 rt=None ct=447 $0.00 
[28/900] rg-number_sequence-000 off r1 rt=None ct=581 $0.00 
[29/900] rg-number_sequence-003 off r1 rt=None ct=206 $0.00 
[30/900] rg-number_sequence-002 off r1 rt=None ct=224 $0.00 
[31/900] rg-word_ladder-007 off r1 rt=None ct=1733 $0.00 
[32/900] rg-number_sequence-004 off r1 rt=None ct=315 $0.00 
[33/900] rg-number_sequence-005 off r1 rt=None ct=1453 $0.00 
[34/900] rg-number_sequence-007 off r1 rt=None ct=1155 $0.00 
[35/900] rg-number_sequence-006 off r1 rt=None ct=1647 $0.00 
[36/900] rg-word_ladder-001 off r1 rt=None ct=11432 $0.00 
[37/900] rg-rush_hour-002 off r1 rt=None ct=8324 $0.00 
[38/900] rg-rush_hour-000 off r1 rt=None ct=8923 $0.00 
[39/900] ma-hmmt_feb_2026-4 off r1 rt=None ct=1849 $0.00 
[40/900] rg-rush_hour-001 off r1 rt=None ct=12070 $0.00 
[41/900] ma-hmmt_feb_2026-7 off r1 rt=None ct=6977 $0.00 
[42/900] rg-rush_hour-003 off r1 rt=None ct=12103 $0.00 
[43/900] ma-hmmt_feb_2026-11 off r1 rt=None ct=1811 $0.00 
[44/900] ma-hmmt_feb_2026-5 off r1 rt=None ct=11230 $0.00 
[45/900] ma-hmmt_feb_2026-9 off r1 rt=None ct=8385 $0.00 
[46/900] ma-hmmt_feb_2026-14 off r1 rt=None ct=2624 $0.00 
[47/900] ma-hmmt_feb_2026-13 off r1 rt=None ct=4552 $0.00 
[48/900] ma-hmmt_feb_2026-26 off r1 rt=None ct=6195 $0.00 
[49/900] ma-hmmt_feb_2026-32 off r1 rt=None ct=2563 $0.00 
[50/900] ma-hmmt_feb_2026-25 off r1 rt=None ct=9873 $0.00 
[51/900] ma-hmmt_feb_2026-29 off r1 rt=None ct=10257 $0.00 
[52/900] ma-aime_2026-2 off r1 rt=None ct=3502 $0.00 
[53/900] ma-hmmt_feb_2026-30 off r1 rt=None ct=11197 $0.00 
[54/900] if-5 off r1 rt=None ct=1387 $0.00 
[55/900] if-18 off r1 rt=None ct=15 $0.00 
[56/900] if-44 off r1 rt=None ct=125 $0.00 
[57/900] if-49 off r1 rt=None ct=150 $0.00 
[58/900] if-89 off r1 rt=None ct=30 $0.00 
[59/900] if-97 off r1 rt=None ct=95 $0.00 
[60/900] if-99 off r1 rt=None ct=155 $0.00 
[61/900] ma-aime_2026-21 off r1 rt=None ct=5296 $0.00 
[62/900] if-160 off r1 rt=None ct=308 $0.00 
[63/900] if-170 off r1 rt=None ct=24 $0.00 
[64/900] if-197 off r1 rt=None ct=104 $0.00 
[65/900] if-204 off r1 rt=None ct=40 $0.00 
[66/900] if-205 off r1 rt=None ct=68 $0.00 
[67/900] if-209 off r1 rt=None ct=19 $0.00 
[68/900] if-221 off r1 rt=None ct=110 $0.00 
[69/900] if-124 off r1 rt=None ct=2819 $0.00 
[70/900] if-239 off r1 rt=None ct=365 $0.00 
[71/900] if-248 off r1 rt=None ct=22 $0.00 
[72/900] if-245 off r1 rt=None ct=237 $0.00 
[73/900] if-283 off r1 rt=None ct=10 $0.00 
[74/900] bfcl-live_multiple_121-46-0 off r1 rt=None ct=136 $0.00 
[75/900] bfcl-live_multiple_286-129-1 off r1 rt=None ct=59 $0.00 
[76/900] ma-aime_2026-15 off r1 rt=None ct=9100 $0.00 
[77/900] bfcl-live_multiple_316-132-6 off r1 rt=None ct=61 $0.00 
[78/900] bfcl-live_multiple_562-155-2 off r1 rt=None ct=45 $0.00 
[79/900] bfcl-live_multiple_628-160-8 off r1 rt=None ct=45 $0.00 
[80/900] bfcl-live_multiple_607-159-0 off r1 rt=None ct=65 $0.00 
[81/900] bfcl-live_multiple_802-175-8 off r1 rt=None ct=53 $0.00 
[82/900] bfcl-live_multiple_1030-258-0 off r1 rt=None ct=74 $0.00 
[83/900] bfcl-live_simple_4-3-0 off r1 rt=None ct=43 $0.00 
[84/900] bfcl-live_simple_118-74-0 off r1 rt=None ct=42 $0.00 
[85/900] bfcl-live_simple_158-95-15 off r1 rt=None ct=35 $0.00 
[86/900] bfcl-live_simple_173-99-7 off r1 rt=None ct=29 $0.00 
[87/900] bfcl-live_simple_176-102-0 off r1 rt=None ct=28 $0.00 
[88/900] bfcl-live_simple_180-105-0 off r1 rt=None ct=55 $0.00 
[89/900] bfcl-live_simple_222-117-14 off r1 rt=None ct=65 $0.00 
[90/900] if-268 off r1 rt=None ct=775 $0.00 
[91/900] bfcl-live_simple_234-123-1 off r1 rt=None ct=157 $0.00 
[92/900] bfcl-irrelevance_149 off r1 rt=None ct=84 $0.00 
[93/900] bfcl-irrelevance_1 off r1 rt=None ct=375 $0.00 
[94/900] bfcl-live_parallel_multiple_4-3-0 off r1 rt=None ct=96 $0.00 
[95/900] bfcl-irrelevance_81 off r1 rt=None ct=473 $0.00 
[96/900] bfcl-live_parallel_multiple_16-14-0 off r1 rt=None ct=57 $0.00 
[97/900] bfcl-live_parallel_multiple_7-6-0 off r1 rt=None ct=107 $0.00 
[98/900] bfcl-live_parallel_multiple_19-16-1 off r1 rt=None ct=131 $0.00 
[99/900] bfcl-irrelevance_221 off r1 rt=None ct=832 $0.00 
[100/900] rg-intermediate_integration-110 off r1 rt=None ct=891 $0.00 
[101/900] rg-intermediate_integration-111 off r1 rt=None ct=808 $0.00 
[102/900] rg-intermediate_integration-114 off r1 rt=None ct=760 $0.00 
[103/900] rg-intermediate_integration-112 off r1 rt=None ct=1266 $0.00 
[104/900] rg-intermediate_integration-113 off r1 rt=None ct=1007 $0.00 
[105/900] rg-intermediate_integration-116 off r1 rt=None ct=792 $0.00 
[106/900] rg-intermediate_integration-115 off r1 rt=None ct=1476 $0.00 
[107/900] rg-intermediate_integration-117 off r1 rt=None ct=1744 $0.00 
[108/900] rg-intermediate_integration-119 off r1 rt=None ct=794 $0.00 
[109/900] ma-aime_2026-30 off r1 rt=None ct=11352 $0.00 
[110/900] rg-intermediate_integration-122 off r1 rt=None ct=552 $0.00 
[111/900] rg-intermediate_integration-121 off r1 rt=None ct=766 $0.00 
[112/900] rg-intermediate_integration-120 off r1 rt=None ct=1114 $0.00 
[113/900] rg-intermediate_integration-118 off r1 rt=None ct=2395 $0.00 
[114/900] rg-intermediate_integration-123 off r1 rt=None ct=922 $0.00 
[115/900] rg-intermediate_integration-126 off r1 rt=None ct=846 $0.00 
[116/900] rg-intermediate_integration-128 off r1 rt=None ct=464 $0.00 
[117/900] rg-intermediate_integration-127 off r1 rt=None ct=780 $0.00 
[118/900] rg-intermediate_integration-124 off r1 rt=None ct=1639 $0.00 
[119/900] rg-intermediate_integration-125 off r1 rt=None ct=2695 $0.00 
[120/900] rg-propositional_logic-112 off r1 rt=None ct=855 $0.00 
[121/900] rg-intermediate_integration-130 off r1 rt=None ct=2128 $0.00 
[122/900] rg-propositional_logic-111 off r1 rt=None ct=2091 $0.00 
[123/900] rg-propositional_logic-114 off r1 rt=None ct=180 $0.00 
[124/900] rg-propositional_logic-110 off r1 rt=None ct=2533 $0.00 
[125/900] rg-propositional_logic-117 off r1 rt=None ct=132 $0.00 
[126/900] rg-propositional_logic-118 off r1 rt=None ct=692 $0.00 
[127/900] rg-propositional_logic-119 off r1 rt=None ct=527 $0.00 
[128/900] rg-propositional_logic-116 off r1 rt=None ct=1961 $0.00 
[129/900] rg-propositional_logic-121 off r1 rt=None ct=395 $0.00 
[130/900] rg-propositional_logic-120 off r1 rt=None ct=866 $0.00 
[131/900] rg-propositional_logic-115 off r1 rt=None ct=2637 $0.00 
[132/900] rg-propositional_logic-123 off r1 rt=None ct=131 $0.00 
[133/900] rg-propositional_logic-124 off r1 rt=None ct=131 $0.00 
[134/900] rg-propositional_logic-122 off r1 rt=None ct=858 $0.00 
[135/900] rg-propositional_logic-126 off r1 rt=None ct=980 $0.00 
[136/900] rg-propositional_logic-127 off r1 rt=None ct=649 $0.00 
[137/900] rg-propositional_logic-125 off r1 rt=None ct=1610 $0.00 
[138/900] rg-propositional_logic-128 off r1 rt=None ct=623 $0.00 
[139/900] rg-word_ladder-109 off r1 rt=None ct=482 $0.00 
[140/900] rg-propositional_logic-129 off r1 rt=None ct=987 $0.00 
[141/900] rg-word_ladder-111 off r1 rt=None ct=202 $0.00 
[142/900] rg-propositional_logic-113 off r1 rt=None ct=5409 $0.00 
[143/900] rg-word_ladder-112 off r1 rt=None ct=771 $0.00 
[144/900] rg-word_ladder-113 off r1 rt=None ct=922 $0.00 
[145/900] rg-word_ladder-108 off r1 rt=None ct=2649 $0.00 
[146/900] rg-word_ladder-116 off r1 rt=None ct=1363 $0.00 
[147/900] rg-word_ladder-110 off r1 rt=None ct=4092 $0.00 
[148/900] rg-word_ladder-118 off r1 rt=None ct=907 $0.00 
[149/900] rg-word_ladder-117 off r1 rt=None ct=3568 $0.00 
[150/900] rg-word_ladder-119 off r1 rt=None ct=4860 $0.00 
[151/900] rg-word_ladder-115 off r1 rt=None ct=11070 $0.00 
[152/900] rg-word_ladder-121 off r1 rt=None ct=3226 $0.00 
[153/900] rg-word_ladder-122 off r1 rt=None ct=1923 $0.00 
[154/900] rg-word_ladder-123 off r1 rt=None ct=1753 $0.00 
[155/900] rg-number_sequence-108 off r1 rt=None ct=1289 $0.00 
[156/900] rg-word_ladder-120 off r1 rt=None ct=10222 $0.00 
[157/900] rg-number_sequence-109 off r1 rt=None ct=2499 $0.00 
[158/900] rg-number_sequence-111 off r1 rt=None ct=490 $0.00 
[159/900] rg-number_sequence-112 off r1 rt=None ct=843 $0.00 
[160/900] rg-number_sequence-110 off r1 rt=None ct=2592 $0.00 
[161/900] rg-number_sequence-113 off r1 rt=None ct=592 $0.00 
[162/900] rg-number_sequence-114 off r1 rt=None ct=274 $0.00 
[163/900] rg-number_sequence-115 off r1 rt=None ct=255 $0.00 
[164/900] rg-number_sequence-118 off r1 rt=None ct=197 $0.00 
[165/900] rg-number_sequence-119 off r1 rt=None ct=601 $0.00 
[166/900] rg-number_sequence-116 off r1 rt=None ct=1360 $0.00 
[167/900] rg-number_sequence-120 off r1 rt=None ct=497 $0.00 
[168/900] rg-number_sequence-122 off r1 rt=None ct=218 $0.00 
[169/900] rg-number_sequence-123 off r1 rt=None ct=204 $0.00 
[170/900] rg-number_sequence-121 off r1 rt=None ct=597 $0.00 
[171/900] rg-number_sequence-124 off r1 rt=None ct=893 $0.00 
[172/900] rg-number_sequence-117 off r1 rt=None ct=3962 $0.00 
[173/900] rg-number_sequence-126 off r1 rt=None ct=1334 $0.00 
[174/900] rg-number_sequence-127 off r1 rt=None ct=312 $0.00 
[175/900] rg-number_sequence-125 off r1 rt=None ct=4059 $0.00 
[176/900] rg-rush_hour-104 off r1 rt=None ct=6420 $0.00 
[177/900] rg-rush_hour-105 off r1 rt=None ct=8112 $0.00 
[178/900] rg-rush_hour-107 off r1 rt=None ct=3852 $0.00 
[179/900] rg-word_ladder-114 off r1 rt=None ct=32497 $0.00 
[180/900] ma-hmmt_feb_2026-2 off r1 rt=None ct=4120 $0.00 
[181/900] rg-rush_hour-106 off r1 rt=None ct=11517 $0.00 
[182/900] ma-hmmt_feb_2026-6 off r1 rt=None ct=5582 $0.00 
[183/900] ma-hmmt_feb_2026-8 off r1 rt=None ct=9738 $0.00 
[184/900] ma-hmmt_feb_2026-18 off r1 rt=None ct=8700 $0.00 
[185/900] ma-hmmt_feb_2026-10 off r1 rt=None ct=10160 $0.00 
[186/900] ma-hmmt_feb_2026-23 off r1 rt=None ct=2551 $0.00 
[187/900] ma-hmmt_feb_2026-19 off r1 rt=None ct=8005 $0.00 
[188/900] ma-hmmt_feb_2026-24 off r1 rt=None ct=3123 $0.00 
[189/900] if-11 off r1 rt=None ct=1489 $0.00 
[190/900] if-12 off r1 rt=None ct=607 $0.00 
[191/900] if-21 off r1 rt=None ct=13 $0.00 
[192/900] if-29 off r1 rt=None ct=758 $0.00 
[193/900] if-30 off r1 rt=None ct=149 $0.00 
[194/900] if-33 off r1 rt=None ct=39 $0.00 
[195/900] if-60 off r1 rt=None ct=16 $0.00 
[196/900] if-66 off r1 rt=None ct=71 $0.00 
[197/900] if-69 off r1 rt=None ct=399 $0.00 
[198/900] if-74 off r1 rt=None ct=243 $0.00 
[199/900] if-78 off r1 rt=None ct=432 $0.00 
[200/900] if-84 off r1 rt=None ct=680 $0.00 
[201/900] if-91 off r1 rt=None ct=698 $0.00 
[202/900] if-94 off r1 rt=None ct=8 $0.00 
[203/900] if-110 off r1 rt=None ct=94 $0.00 
[204/900] if-112 off r1 rt=None ct=600 $0.00 
[205/900] if-125 off r1 rt=None ct=44 $0.00 
[206/900] if-133 off r1 rt=None ct=136 $0.00 
[207/900] ma-hmmt_feb_2026-31 off r1 rt=None ct=8176 $0.00 
[208/900] if-139 off r1 rt=None ct=93 $0.00 
[209/900] if-135 off r1 rt=None ct=323 $0.00 
[210/900] if-149 off r1 rt=None ct=69 $0.00 
[211/900] if-150 off r1 rt=None ct=116 $0.00 
[212/900] if-155 off r1 rt=None ct=83 $0.00 
[213/900] if-156 off r1 rt=None ct=42 $0.00 
[214/900] if-161 off r1 rt=None ct=137 $0.00 
[215/900] if-140 off r1 rt=None ct=605 $0.00 
[216/900] if-166 off r1 rt=None ct=21 $0.00 
[217/900] if-173 off r1 rt=None ct=72 $0.00 
[218/900] ma-hmmt_feb_2026-27 off r1 rt=None ct=10172 $0.00 
[219/900] if-179 off r1 rt=None ct=310 $0.00 
[220/900] if-164 off r1 rt=None ct=596 $0.00 
[221/900] if-184 off r1 rt=None ct=399 $0.00 
[222/900] if-198 off r1 rt=None ct=142 $0.00 
[223/900] if-195 off r1 rt=None ct=294 $0.00 
[224/900] if-210 off r1 rt=None ct=97 $0.00 
[225/900] if-224 off r1 rt=None ct=8 $0.00 
[226/900] if-234 off r1 rt=None ct=93 $0.00 
[227/900] if-206 off r1 rt=None ct=369 $0.00 
[228/900] if-243 off r1 rt=None ct=113 $0.00 
[229/900] if-236 off r1 rt=None ct=332 $0.00 
[230/900] if-249 off r1 rt=None ct=215 $0.00 
[231/900] ma-hmmt_feb_2026-28 off r1 rt=None ct=10765 $0.00 
[232/900] if-244 off r1 rt=None ct=501 $0.00 
[233/900] if-278 off r1 rt=None ct=36 $0.00 
[234/900] if-230 off r1 rt=None ct=1007 $0.00 
[235/900] if-276 off r1 rt=None ct=296 $0.00 
[236/900] if-298 off r1 rt=None ct=6 $0.00 
[237/900] if-285 off r1 rt=None ct=255 $0.00 
[238/900] if-299 off r1 rt=None ct=74 $0.00 
[239/900] bfcl-live_multiple_59-22-6 off r1 rt=None ct=39 $0.00 
[240/900] bfcl-live_multiple_128-50-0 off r1 rt=None ct=33 $0.00 
[241/900] bfcl-live_multiple_71-31-0 off r1 rt=None ct=84 $0.00 
[242/900] bfcl-live_multiple_203-90-5 off r1 rt=None ct=33 $0.00 
[243/900] bfcl-live_multiple_367-134-12 off r1 rt=None ct=58 $0.00 
[244/900] bfcl-live_multiple_390-137-8 off r1 rt=None ct=65 $0.00 
[245/900] bfcl-live_multiple_501-148-11 off r1 rt=None ct=66 $0.00 
[246/900] bfcl-live_multiple_432-141-21 off r1 rt=None ct=106 $0.00 
[247/900] if-293 off r1 rt=None ct=423 $0.00 
[248/900] bfcl-live_multiple_658-162-0 off r1 rt=None ct=66 $0.00 
[249/900] bfcl-live_multiple_556-154-2 off r1 rt=None ct=109 $0.00 
[250/900] if-266 off r1 rt=None ct=818 $0.00 
[251/900] bfcl-live_multiple_832-178-7 off r1 rt=None ct=47 $0.00 
[252/900] bfcl-live_multiple_663-162-5 off r1 rt=None ct=64 $0.00 
[253/900] bfcl-live_multiple_943-196-1 off r1 rt=None ct=27 $0.00 
[254/900] bfcl-live_multiple_949-199-0 off r1 rt=None ct=28 $0.00 
[255/900] bfcl-live_multiple_900-185-10 off r1 rt=None ct=72 $0.00 
[256/900] bfcl-live_multiple_951-200-0 off r1 rt=None ct=19 $0.00 
[257/900] bfcl-live_multiple_901-185-11 off r1 rt=None ct=76 $0.00 
[258/900] bfcl-live_multiple_1007-236-0 off r1 rt=None ct=29 $0.00 
[259/900] bfcl-live_simple_24-5-2 off r1 rt=None ct=31 $0.00 
[260/900] bfcl-live_multiple_970-211-0 off r1 rt=None ct=66 $0.00 
[261/900] bfcl-live_simple_55-25-1 off r1 rt=None ct=44 $0.00 
[262/900] bfcl-live_simple_61-29-1 off r1 rt=None ct=42 $0.00 
[263/900] bfcl-live_multiple_974-214-0 off r1 rt=None ct=111 $0.00 
[264/900] bfcl-live_simple_25-5-3 off r1 rt=None ct=69 $0.00 
[265/900] bfcl-live_simple_87-48-0 off r1 rt=None ct=43 $0.00 
[266/900] bfcl-live_simple_105-62-0 off r1 rt=None ct=53 $0.00 
[267/900] bfcl-live_simple_98-58-0 off r1 rt=None ct=67 $0.00 
[268/900] bfcl-live_simple_126-82-0 off r1 rt=None ct=90 $0.00 
[269/900] bfcl-live_simple_150-95-7 off r1 rt=None ct=34 $0.00 
[270/900] bfcl-live_simple_137-90-0 off r1 rt=None ct=74 $0.00 
[271/900] bfcl-live_simple_130-84-0 off r1 rt=None ct=108 $0.00 
[272/900] bfcl-live_simple_139-92-0 off r1 rt=None ct=86 $0.00 
[273/900] bfcl-live_simple_191-115-1 off r1 rt=None ct=45 $0.00 
[274/900] bfcl-live_simple_210-117-2 off r1 rt=None ct=31 $0.00 
[275/900] bfcl-live_simple_195-116-3 off r1 rt=None ct=52 $0.00 
[276/900] bfcl-live_simple_181-106-0 off r1 rt=None ct=70 $0.00 
[277/900] bfcl-live_simple_228-119-0 off r1 rt=None ct=32 $0.00 
[278/900] bfcl-live_simple_237-125-0 off r1 rt=None ct=37 $0.00 
[279/900] bfcl-live_simple_219-117-11 off r1 rt=None ct=63 $0.00 
[280/900] bfcl-live_simple_233-123-0 off r1 rt=None ct=98 $0.00 
[281/900] bfcl-irrelevance_68 off r1 rt=None ct=170 $0.00 
[282/900] bfcl-irrelevance_101 off r1 rt=None ct=202 $0.00 
[283/900] bfcl-irrelevance_167 off r1 rt=None ct=48 $0.00 
[284/900] bfcl-irrelevance_115 off r1 rt=None ct=206 $0.00 
[285/900] bfcl-irrelevance_218 off r1 rt=None ct=45 $0.00 
[286/900] bfcl-irrelevance_172 off r1 rt=None ct=63 $0.00 
[287/900] bfcl-live_parallel_multiple_0-0-0 off r1 rt=None ct=45 $0.00 
[288/900] bfcl-irrelevance_132 off r1 rt=None ct=203 $0.00 
[289/900] bfcl-live_parallel_multiple_1-1-0 off r1 rt=None ct=85 $0.00 
[290/900] bfcl-live_parallel_multiple_3-2-1 off r1 rt=None ct=115 $0.00 
[291/900] bfcl-live_parallel_multiple_12-10-1 off r1 rt=None ct=69 $0.00 
[292/900] bfcl-live_parallel_multiple_2-2-0 off r1 rt=None ct=138 $0.00 
[293/900] bfcl-irrelevance_106 off r1 rt=None ct=499 $0.00 
[294/900] bfcl-live_parallel_multiple_17-15-0 off r1 rt=None ct=29 $0.00 
[295/900] bfcl-live_parallel_multiple_13-11-0 off r1 rt=None ct=82 $0.00 
[296/900] bfcl-live_parallel_multiple_15-13-0 off r1 rt=None ct=78 $0.00 
[297/900] bfcl-live_parallel_multiple_14-12-0 off r1 rt=None ct=91 $0.00 
[298/900] bfcl-live_parallel_multiple_21-18-0 off r1 rt=None ct=108 $0.00 
[299/900] bfcl-live_parallel_multiple_18-16-0 off r1 rt=None ct=148 $0.00 
[300/900] bfcl-live_parallel_multiple_20-17-0 off r1 rt=None ct=161 $0.00 
[301/900] rg-intermediate_integration-000 low r1 rt=None ct=500 $0.00 
[302/900] rg-intermediate_integration-002 low r1 rt=None ct=970 $0.00 
[303/900] rg-intermediate_integration-001 low r1 rt=None ct=1101 $0.00 
[304/900] rg-intermediate_integration-003 low r1 rt=None ct=1249 $0.00 
[305/900] rg-intermediate_integration-004 low r1 rt=None ct=969 $0.00 
[306/900] rg-intermediate_integration-008 low r1 rt=None ct=441 $0.00 
[307/900] rg-intermediate_integration-006 low r1 rt=None ct=879 $0.00 
[308/900] rg-intermediate_integration-007 low r1 rt=None ct=868 $0.00 
[309/900] rg-intermediate_integration-005 low r1 rt=None ct=1257 $0.00 
[310/900] rg-propositional_logic-000 low r1 rt=None ct=272 $0.00 
[311/900] rg-propositional_logic-001 low r1 rt=None ct=404 $0.00 
[312/900] rg-intermediate_integration-009 low r1 rt=None ct=852 $0.00 
[313/900] rg-propositional_logic-003 low r1 rt=None ct=580 $0.00 
[314/900] rg-propositional_logic-006 low r1 rt=None ct=198 $0.00 
[315/900] rg-propositional_logic-005 low r1 rt=None ct=519 $0.00 
[316/900] rg-propositional_logic-002 low r1 rt=None ct=1055 $0.00 
[317/900] rg-propositional_logic-009 low r1 rt=None ct=77 $0.00 
[318/900] rg-propositional_logic-004 low r1 rt=None ct=982 $0.00 
[319/900] rg-propositional_logic-008 low r1 rt=None ct=486 $0.00 
[320/900] rg-propositional_logic-007 low r1 rt=None ct=635 $0.00 
[321/900] rg-word_ladder-000 low r1 rt=None ct=369 $0.00 
[322/900] rg-word_ladder-003 low r1 rt=None ct=419 $0.00 
[323/900] rg-word_ladder-005 low r1 rt=None ct=677 $0.00 
[324/900] rg-word_ladder-004 low r1 rt=None ct=1600 $0.00 
[325/900] rg-word_ladder-007 low r1 rt=None ct=762 $0.00 
[326/900] rg-word_ladder-002 low r1 rt=None ct=2771 $0.00 
[327/900] rg-number_sequence-001 low r1 rt=None ct=353 $0.00 
[328/900] rg-number_sequence-002 low r1 rt=None ct=143 $0.00 
[329/900] rg-number_sequence-003 low r1 rt=None ct=207 $0.00 
[330/900] rg-number_sequence-004 low r1 rt=None ct=202 $0.00 
[331/900] rg-number_sequence-000 low r1 rt=None ct=1537 $0.00 
[332/900] rg-number_sequence-006 low r1 rt=None ct=618 $0.00 
[333/900] rg-number_sequence-005 low r1 rt=None ct=1541 $0.00 
[334/900] rg-number_sequence-007 low r1 rt=None ct=735 $0.00 
[335/900] rg-rush_hour-000 low r1 rt=None ct=2609 $0.00 
[336/900] rg-word_ladder-001 low r1 rt=None ct=8065 $0.00 
[337/900] rg-rush_hour-002 low r1 rt=None ct=2374 $0.00 
[338/900] ma-hmmt_feb_2026-4 low r1 rt=None ct=2665 $0.00 
[339/900] rg-word_ladder-006 low r1 rt=None ct=19846 $0.00 
[340/900] rg-rush_hour-001 low r1 rt=None ct=20084 $0.00 
[341/900] ma-hmmt_feb_2026-5 low r1 rt=None ct=28776 $0.00 
[342/900] ma-hmmt_feb_2026-11 low r1 rt=None ct=1361 $0.00 
[343/900] ma-hmmt_feb_2026-9 low r1 rt=None ct=18636 $0.00 
[344/900] ma-hmmt_feb_2026-14 low r1 rt=None ct=2294 $0.00 
[345/900] rg-rush_hour-003 low r1 rt=None ct=38478 $0.00 
[346/900] ma-hmmt_feb_2026-13 low r1 rt=None ct=5839 $0.00 
[347/900] ma-hmmt_feb_2026-26 low r1 rt=None ct=26501 $0.00 
[348/900] ma-hmmt_feb_2026-7 low r1 rt=None ct=53396 $0.00 
[349/900] ma-hmmt_feb_2026-25 low r1 rt=None ct=29977 $0.00 
[350/900] ma-aime_2026-2 low r1 rt=None ct=3944 $0.00 
[351/900] ma-hmmt_feb_2026-29 low r1 rt=None ct=33543 $0.00 
[352/900] ma-aime_2026-21 low r1 rt=None ct=3966 $0.00 
[353/900] ma-hmmt_feb_2026-30 low r1 rt=None ct=13980 $0.00 
[354/900] ma-hmmt_feb_2026-32 low r1 rt=None ct=13753 $0.00 
[355/900] if-5 low r1 rt=None ct=1468 $0.00 
[356/900] if-18 low r1 rt=None ct=406 $0.00 
[357/900] if-44 low r1 rt=None ct=1302 $0.00 
[358/900] if-89 low r1 rt=None ct=3035 $0.00 
[359/900] if-97 low r1 rt=None ct=380 $0.00 
[360/900] if-99 low r1 rt=None ct=449 $0.00 
[361/900] if-49 low r1 rt=None ct=16063 $0.00 
[362/900] if-124 low r1 rt=None ct=13716 $0.00 
[363/900] if-160 low r1 rt=None ct=2740 $0.00 
[364/900] if-197 low r1 rt=None ct=3368 $0.00 
[365/900] if-204 low r1 rt=None ct=2265 $0.00 
[366/900] if-170 low r1 rt=None ct=9669 $0.00 
[367/900] ma-aime_2026-30 low r1 rt=None ct=40542 $0.00 
[368/900] if-221 low r1 rt=None ct=704 $0.00 
[369/900] if-239 low r1 rt=None ct=2038 $0.00 
[370/900] if-209 low r1 rt=None ct=13025 $0.00 
[371/900] if-205 low r1 rt=None ct=17873 $0.00 
[372/900] if-245 low r1 rt=None ct=1682 $0.00 
[373/900] if-283 low r1 rt=None ct=224 $0.00 
[374/900] bfcl-live_multiple_121-46-0 low r1 rt=None ct=347 $0.00 
[375/900] bfcl-live_multiple_286-129-1 low r1 rt=None ct=187 $0.00 
[376/900] bfcl-live_multiple_316-132-6 low r1 rt=None ct=106 $0.00 
[377/900] bfcl-live_multiple_562-155-2 low r1 rt=None ct=99 $0.00 
[378/900] bfcl-live_multiple_607-159-0 low r1 rt=None ct=190 $0.00 
[379/900] bfcl-live_multiple_628-160-8 low r1 rt=None ct=124 $0.00 
[380/900] bfcl-live_multiple_802-175-8 low r1 rt=None ct=113 $0.00 
[381/900] bfcl-live_multiple_1030-258-0 low r1 rt=None ct=142 $0.00 
[382/900] bfcl-live_simple_4-3-0 low r1 rt=None ct=89 $0.00 
[383/900] bfcl-live_simple_118-74-0 low r1 rt=None ct=71 $0.00 
[384/900] bfcl-live_simple_158-95-15 low r1 rt=None ct=60 $0.00 
[385/900] bfcl-live_simple_173-99-7 low r1 rt=None ct=60 $0.00 
[386/900] bfcl-live_simple_176-102-0 low r1 rt=None ct=185 $0.00 
[387/900] bfcl-live_simple_180-105-0 low r1 rt=None ct=147 $0.00 
[388/900] bfcl-live_simple_222-117-14 low r1 rt=None ct=109 $0.00 
[389/900] bfcl-live_simple_234-123-1 low r1 rt=None ct=479 $0.00 
[390/900] bfcl-irrelevance_1 low r1 rt=None ct=494 $0.00 
[391/900] bfcl-irrelevance_81 low r1 rt=None ct=451 $0.00 
[392/900] bfcl-irrelevance_149 low r1 rt=None ct=422 $0.00 
[393/900] ma-aime_2026-15 low r1 rt=None ct=55246 $0.00 
[394/900] bfcl-live_parallel_multiple_4-3-0 low r1 rt=None ct=149 $0.00 
[395/900] bfcl-live_parallel_multiple_7-6-0 low r1 rt=None ct=156 $0.00 
[396/900] bfcl-irrelevance_221 low r1 rt=None ct=372 $0.00 
[397/900] bfcl-live_parallel_multiple_16-14-0 low r1 rt=None ct=107 $0.00 
[398/900] bfcl-live_parallel_multiple_19-16-1 low r1 rt=None ct=184 $0.00 
[399/900] rg-intermediate_integration-110 low r1 rt=None ct=863 $0.00 
[400/900] rg-intermediate_integration-111 low r1 rt=None ct=885 $0.00 
[401/900] if-268 low r1 rt=None ct=6454 $0.00 
[402/900] rg-intermediate_integration-112 low r1 rt=None ct=1040 $0.00 
[403/900] rg-intermediate_integration-113 low r1 rt=None ct=1085 $0.00 
[404/900] rg-intermediate_integration-114 low r1 rt=None ct=1171 $0.00 
[405/900] rg-intermediate_integration-116 low r1 rt=None ct=629 $0.00 
[406/900] rg-intermediate_integration-115 low r1 rt=None ct=1619 $0.00 
[407/900] rg-intermediate_integration-119 low r1 rt=None ct=831 $0.00 
[408/900] rg-intermediate_integration-120 low r1 rt=None ct=876 $0.00 
[409/900] rg-intermediate_integration-117 low r1 rt=None ct=3108 $0.00 
[410/900] rg-intermediate_integration-118 low r1 rt=None ct=3074 $0.00 
[411/900] rg-intermediate_integration-122 low r1 rt=None ct=426 $0.00 
[412/900] rg-intermediate_integration-121 low r1 rt=None ct=904 $0.00 
[413/900] rg-intermediate_integration-123 low r1 rt=None ct=1201 $0.00 
[414/900] rg-intermediate_integration-124 low r1 rt=None ct=1181 $0.00 
[415/900] if-248 low r1 rt=None ct=13371 $0.00 
[416/900] rg-intermediate_integration-128 low r1 rt=None ct=401 $0.00 
[417/900] rg-intermediate_integration-125 low r1 rt=None ct=1806 $0.00 
[418/900] rg-intermediate_integration-126 low r1 rt=None ct=1200 $0.00 
[419/900] rg-intermediate_integration-127 low r1 rt=None ct=954 $0.00 
[420/900] rg-propositional_logic-112 low r1 rt=None ct=464 $0.00 
[421/900] rg-propositional_logic-111 low r1 rt=None ct=621 $0.00 
[422/900] rg-propositional_logic-114 low r1 rt=None ct=190 $0.00 
[423/900] rg-propositional_logic-110 low r1 rt=None ct=1281 $0.00 
[424/900] rg-intermediate_integration-130 low r1 rt=None ct=1436 $0.00 
[425/900] rg-propositional_logic-117 low r1 rt=None ct=100 $0.00 
[426/900] rg-propositional_logic-118 low r1 rt=None ct=300 $0.00 
[427/900] rg-propositional_logic-113 low r1 rt=None ct=1181 $0.00 
[428/900] rg-propositional_logic-120 low r1 rt=None ct=281 $0.00 
[429/900] rg-propositional_logic-119 low r1 rt=None ct=660 $0.00 
[430/900] rg-propositional_logic-115 low r1 rt=None ct=1466 $0.00 
[431/900] rg-propositional_logic-116 low r1 rt=None ct=1324 $0.00 
[432/900] rg-propositional_logic-121 low r1 rt=None ct=498 $0.00 
[433/900] rg-propositional_logic-123 low r1 rt=None ct=182 $0.00 
[434/900] rg-propositional_logic-124 low r1 rt=None ct=99 $0.00 
[435/900] rg-propositional_logic-122 low r1 rt=None ct=471 $0.00 
[436/900] rg-propositional_logic-127 low r1 rt=None ct=367 $0.00 
[437/900] rg-propositional_logic-126 low r1 rt=None ct=586 $0.00 
[438/900] rg-propositional_logic-125 low r1 rt=None ct=674 $0.00 
[439/900] rg-propositional_logic-129 low r1 rt=None ct=324 $0.00 
[440/900] rg-propositional_logic-128 low r1 rt=None ct=633 $0.00 
[441/900] rg-word_ladder-108 low r1 rt=None ct=833 $0.00 
[442/900] rg-word_ladder-109 low r1 rt=None ct=795 $0.00 
[443/900] rg-word_ladder-112 low r1 rt=None ct=731 $0.00 
[444/900] rg-word_ladder-110 low r1 rt=None ct=1546 $0.00 
[445/900] rg-word_ladder-115 low r1 rt=None ct=607 $0.00 
[446/900] rg-word_ladder-114 low r1 rt=None ct=767 $0.00 
[447/900] rg-word_ladder-116 low r1 rt=None ct=754 $0.00 
[448/900] rg-word_ladder-113 low r1 rt=None ct=2998 $0.00 
[449/900] rg-word_ladder-118 low r1 rt=None ct=1033 $0.00 
[450/900] rg-word_ladder-111 low r1 rt=None ct=6760 $0.00 
[451/900] rg-word_ladder-119 low r1 rt=None ct=7586 $0.00 
[452/900] rg-word_ladder-117 low r1 rt=None ct=9217 $0.00 
[453/900] rg-word_ladder-123 low r1 rt=None ct=1093 $0.00 
[454/900] rg-number_sequence-108 low r1 rt=None ct=512 $0.00 
[455/900] rg-word_ladder-122 low r1 rt=None ct=2058 $0.00 
[456/900] rg-number_sequence-109 low r1 rt=None ct=3723 $0.00 
[457/900] rg-number_sequence-111 low r1 rt=None ct=411 $0.00 
[458/900] rg-number_sequence-112 low r1 rt=None ct=1078 $0.00 
[459/900] rg-number_sequence-113 low r1 rt=None ct=420 $0.00 
[460/900] rg-number_sequence-114 low r1 rt=None ct=267 $0.00 
[461/900] rg-number_sequence-115 low r1 rt=None ct=227 $0.00 
[462/900] rg-number_sequence-110 low r1 rt=None ct=5949 $0.00 
[463/900] rg-number_sequence-116 low r1 rt=None ct=1155 $0.00 
[464/900] rg-number_sequence-117 low r1 rt=None ct=1156 $0.00 
[465/900] rg-number_sequence-118 low r1 rt=None ct=177 $0.00 
[466/900] rg-number_sequence-119 low r1 rt=None ct=321 $0.00 
[467/900] rg-number_sequence-120 low r1 rt=None ct=342 $0.00 
[468/900] rg-number_sequence-122 low r1 rt=None ct=237 $0.00 
[469/900] rg-number_sequence-121 low r1 rt=None ct=343 $0.00 
[470/900] rg-number_sequence-123 low r1 rt=None ct=183 $0.00 
[471/900] rg-number_sequence-125 low r1 rt=None ct=427 $0.00 
[472/900] rg-number_sequence-124 low r1 rt=None ct=640 $0.00 
[473/900] rg-number_sequence-127 low r1 rt=None ct=239 $0.00 
[474/900] rg-number_sequence-126 low r1 rt=None ct=4057 $0.00 
[475/900] rg-word_ladder-121 low r1 rt=None ct=21576 $0.00 
[476/900] rg-rush_hour-105 low r1 rt=None ct=12697 $0.00 
[477/900] rg-rush_hour-107 low r1 rt=None ct=1696 $0.00 
[478/900] rg-rush_hour-106 low r1 rt=None ct=12778 $0.00 
[479/900] rg-word_ladder-120 low r1 rt=None ct=38552 $0.00 
[480/900] ma-hmmt_feb_2026-2 low r1 rt=None ct=6379 $0.00 
[481/900] ma-hmmt_feb_2026-6 low r1 rt=None ct=8412 $0.00 
[482/900] rg-rush_hour-104 low r1 rt=None ct=30659 $0.00 
[483/900] ma-hmmt_feb_2026-10 low r1 rt=None ct=21332 $0.00 
[484/900] ma-hmmt_feb_2026-23 low r1 rt=None ct=2588 $0.00 
[485/900] ma-hmmt_feb_2026-24 low r1 rt=None ct=2167 $0.00 
[486/900] ma-hmmt_feb_2026-18 low r1 rt=None ct=28197 $0.00 
[487/900] ma-hmmt_feb_2026-8 low r1 rt=None ct=35726 $0.00 
[488/900] ma-hmmt_feb_2026-28 low r1 rt=None ct=11006 $0.00 
[489/900] ma-hmmt_feb_2026-31 low r1 rt=None ct=11297 $0.00 
[490/900] if-12 low r1 rt=None ct=3303 $0.00 
[491/900] if-21 low r1 rt=None ct=1060 $0.00 
[492/900] if-11 low r1 rt=None ct=5940 $0.00 
[493/900] if-29 low r1 rt=None ct=1855 $0.00 
[494/900] if-30 low r1 rt=None ct=1310 $0.00 
[495/900] if-33 low r1 rt=None ct=388 $0.00 
[496/900] if-60 low r1 rt=None ct=295 $0.00 
[497/900] if-66 low r1 rt=None ct=265 $0.00 
[498/900] if-74 low r1 rt=None ct=413 $0.00 
[499/900] if-69 low r1 rt=None ct=808 $0.00 
[500/900] if-78 low r1 rt=None ct=486 $0.00 
[501/900] if-91 low r1 rt=None ct=1098 $0.00 
[502/900] if-94 low r1 rt=None ct=63 $0.00 
[503/900] if-84 low r1 rt=None ct=1889 $0.00 
[504/900] if-110 low r1 rt=None ct=694 $0.00 
[505/900] if-112 low r1 rt=None ct=896 $0.00 
[506/900] if-125 low r1 rt=None ct=947 $0.00 
[507/900] ma-hmmt_feb_2026-19 low r1 rt=None ct=50926 $0.00 
[508/900] ma-hmmt_feb_2026-27 low r1 rt=None ct=31155 $0.00 
[509/900] if-133 low r1 rt=None ct=4335 $0.00 
[510/900] if-139 low r1 rt=None ct=1004 $0.00 
[511/900] if-149 low r1 rt=None ct=736 $0.00 
[512/900] if-140 low r1 rt=None ct=1552 $0.00 
[513/900] if-135 low r1 rt=None ct=5549 $0.00 
[514/900] if-155 low r1 rt=None ct=963 $0.00 
[515/900] if-156 low r1 rt=None ct=1225 $0.00 
[516/900] if-161 low r1 rt=None ct=1885 $0.00 
[517/900] if-164 low r1 rt=None ct=5884 $0.00 
[518/900] if-173 low r1 rt=None ct=4794 $0.00 
[519/900] if-179 low r1 rt=None ct=6674 $0.00 
[520/900] if-195 low r1 rt=None ct=2398 $0.00 
[521/900] if-198 low r1 rt=None ct=1354 $0.00 
[522/900] if-150 low r1 rt=None ct=18612 $0.00 
[523/900] if-166 low r1 rt=None ct=17029 $0.00 
[524/900] if-224 low r1 rt=None ct=3672 $0.00 
[525/900] if-206 low r1 rt=None ct=17188 $0.00 
[526/900] if-230 low r1 rt=None ct=13441 $0.00 
[527/900] if-184 low r1 rt=None ct=29611 $0.00 
[528/900] if-234 low r1 rt=None ct=2555 $0.00 
[529/900] if-236 low r1 rt=None ct=1633 $0.00 
[530/900] if-243 low r1 rt=None ct=1314 $0.00 
[531/900] if-244 low r1 rt=None ct=5786 $0.00 
[532/900] if-276 low r1 rt=None ct=540 $0.00 
[533/900] if-266 low r1 rt=None ct=5866 $0.00 
[534/900] if-210 low r1 rt=None ct=26328 $0.00 
[535/900] if-293 low r1 rt=None ct=802 $0.00 
[536/900] if-298 low r1 rt=None ct=370 $0.00 
[537/900] if-278 low r1 rt=None ct=2647 $0.00 
[538/900] if-285 low r1 rt=None ct=1947 $0.00 
[539/900] bfcl-live_multiple_59-22-6 low r1 rt=None ct=245 $0.00 
[540/900] bfcl-live_multiple_71-31-0 low r1 rt=None ct=183 $0.00 
[541/900] bfcl-live_multiple_128-50-0 low r1 rt=None ct=116 $0.00 
[542/900] bfcl-live_multiple_203-90-5 low r1 rt=None ct=155 $0.00 
[543/900] bfcl-live_multiple_367-134-12 low r1 rt=None ct=90 $0.00 
[544/900] bfcl-live_multiple_390-137-8 low r1 rt=None ct=104 $0.00 
[545/900] if-299 low r1 rt=None ct=818 $0.00 
[546/900] bfcl-live_multiple_501-148-11 low r1 rt=None ct=142 $0.00 
[547/900] bfcl-live_multiple_432-141-21 low r1 rt=None ct=245 $0.00 
[548/900] bfcl-live_multiple_556-154-2 low r1 rt=None ct=214 $0.00 
[549/900] bfcl-live_multiple_663-162-5 low r1 rt=None ct=104 $0.00 
[550/900] bfcl-live_multiple_658-162-0 low r1 rt=None ct=193 $0.00 
[551/900] bfcl-live_multiple_832-178-7 low r1 rt=None ct=125 $0.00 
[552/900] bfcl-live_multiple_943-196-1 low r1 rt=None ct=55 $0.00 
[553/900] bfcl-live_multiple_900-185-10 low r1 rt=None ct=152 $0.00 
[554/900] bfcl-live_multiple_901-185-11 low r1 rt=None ct=143 $0.00 
[555/900] bfcl-live_multiple_949-199-0 low r1 rt=None ct=59 $0.00 
[556/900] bfcl-live_multiple_951-200-0 low r1 rt=None ct=47 $0.00 
[557/900] bfcl-live_multiple_1007-236-0 low r1 rt=None ct=66 $0.00 
[558/900] bfcl-live_multiple_970-211-0 low r1 rt=None ct=113 $0.00 
[559/900] bfcl-live_simple_24-5-2 low r1 rt=None ct=73 $0.00 
[560/900] bfcl-live_simple_55-25-1 low r1 rt=None ct=85 $0.00 
[561/900] bfcl-live_simple_25-5-3 low r1 rt=None ct=156 $0.00 
[562/900] bfcl-live_simple_61-29-1 low r1 rt=None ct=76 $0.00 
[563/900] bfcl-live_simple_87-48-0 low r1 rt=None ct=98 $0.00 
[564/900] bfcl-live_simple_98-58-0 low r1 rt=None ct=119 $0.00 
[565/900] bfcl-live_simple_105-62-0 low r1 rt=None ct=134 $0.00 
[566/900] bfcl-live_multiple_974-214-0 low r1 rt=None ct=568 $0.00 
[567/900] bfcl-live_simple_126-82-0 low r1 rt=None ct=176 $0.00 
[568/900] bfcl-live_simple_130-84-0 low r1 rt=None ct=236 $0.00 
[569/900] bfcl-live_simple_137-90-0 low r1 rt=None ct=193 $0.00 
[570/900] bfcl-live_simple_139-92-0 low r1 rt=None ct=155 $0.00 
[571/900] bfcl-live_simple_191-115-1 low r1 rt=None ct=85 $0.00 
[572/900] bfcl-live_simple_150-95-7 low r1 rt=None ct=134 $0.00 
[573/900] bfcl-live_simple_181-106-0 low r1 rt=None ct=188 $0.00 
[574/900] bfcl-live_simple_195-116-3 low r1 rt=None ct=113 $0.00 
[575/900] bfcl-live_simple_210-117-2 low r1 rt=None ct=110 $0.00 
[576/900] bfcl-live_simple_228-119-0 low r1 rt=None ct=81 $0.00 
[577/900] bfcl-live_simple_219-117-11 low r1 rt=None ct=111 $0.00 
[578/900] bfcl-live_simple_237-125-0 low r1 rt=None ct=82 $0.00 
[579/900] bfcl-live_simple_233-123-0 low r1 rt=None ct=176 $0.00 
[580/900] bfcl-irrelevance_68 low r1 rt=None ct=614 $0.00 
[581/900] bfcl-irrelevance_101 low r1 rt=None ct=578 $0.00 
[582/900] bfcl-irrelevance_106 low r1 rt=None ct=626 $0.00 
[583/900] bfcl-irrelevance_115 low r1 rt=None ct=237 $0.00 
[584/900] bfcl-irrelevance_167 low r1 rt=None ct=139 $0.00 
[585/900] bfcl-irrelevance_132 low r1 rt=None ct=336 $0.00 
[586/900] bfcl-irrelevance_218 low r1 rt=None ct=149 $0.00 
[587/900] bfcl-irrelevance_172 low r1 rt=None ct=270 $0.00 
[588/900] bfcl-live_parallel_multiple_1-1-0 low r1 rt=None ct=131 $0.00 
[589/900] bfcl-live_parallel_multiple_0-0-0 low r1 rt=None ct=248 $0.00 
[590/900] bfcl-live_parallel_multiple_12-10-1 low r1 rt=None ct=158 $0.00 
[591/900] bfcl-live_parallel_multiple_3-2-1 low r1 rt=None ct=268 $0.00 
[592/900] bfcl-live_parallel_multiple_2-2-0 low r1 rt=None ct=350 $0.00 
[593/900] bfcl-live_parallel_multiple_13-11-0 low r1 rt=None ct=170 $0.00 
[594/900] bfcl-live_parallel_multiple_14-12-0 low r1 rt=None ct=161 $0.00 
[595/900] bfcl-live_parallel_multiple_15-13-0 low r1 rt=None ct=131 $0.00 
[596/900] bfcl-live_parallel_multiple_17-15-0 low r1 rt=None ct=102 $0.00 
[597/900] bfcl-live_parallel_multiple_18-16-0 low r1 rt=None ct=208 $0.00 
[598/900] bfcl-live_parallel_multiple_20-17-0 low r1 rt=None ct=259 $0.00 
[599/900] bfcl-live_parallel_multiple_21-18-0 low r1 rt=None ct=205 $0.00 
[600/900] rg-intermediate_integration-001 medium r1 rt=None ct=977 $0.00 
[601/900] rg-intermediate_integration-002 medium r1 rt=None ct=987 $0.00 
[602/900] rg-intermediate_integration-000 medium r1 rt=None ct=1378 $0.00 
[603/900] rg-intermediate_integration-004 medium r1 rt=None ct=889 $0.00 
[604/900] rg-intermediate_integration-003 medium r1 rt=None ct=1177 $0.00 
[605/900] rg-intermediate_integration-006 medium r1 rt=None ct=767 $0.00 
[606/900] rg-intermediate_integration-007 medium r1 rt=None ct=938 $0.00 
[607/900] rg-intermediate_integration-005 medium r1 rt=None ct=1892 $0.00 
[608/900] rg-intermediate_integration-008 medium r1 rt=None ct=595 $0.00 
[609/900] rg-propositional_logic-000 medium r1 rt=None ct=328 $0.00 
[610/900] rg-propositional_logic-001 medium r1 rt=None ct=561 $0.00 
[611/900] rg-intermediate_integration-009 medium r1 rt=None ct=862 $0.00 
[612/900] rg-propositional_logic-002 medium r1 rt=None ct=1074 $0.00 
[613/900] rg-propositional_logic-003 medium r1 rt=None ct=889 $0.00 
[614/900] rg-propositional_logic-004 medium r1 rt=None ct=851 $0.00 
[615/900] rg-propositional_logic-006 medium r1 rt=None ct=285 $0.00 
[616/900] rg-propositional_logic-005 medium r1 rt=None ct=400 $0.00 
[617/900] rg-propositional_logic-009 medium r1 rt=None ct=190 $0.00 
[618/900] rg-word_ladder-000 medium r1 rt=None ct=339 $0.00 
[619/900] rg-propositional_logic-007 medium r1 rt=None ct=844 $0.00 
[620/900] rg-propositional_logic-008 medium r1 rt=None ct=751 $0.00 
[621/900] rg-word_ladder-003 medium r1 rt=None ct=1054 $0.00 
[622/900] rg-word_ladder-001 medium r1 rt=None ct=1959 $0.00 
[623/900] rg-word_ladder-005 medium r1 rt=None ct=1645 $0.00 
[624/900] rg-word_ladder-002 medium r1 rt=None ct=3806 $0.00 
[625/900] rg-word_ladder-006 medium r1 rt=None ct=1144 $0.00 
[626/900] rg-number_sequence-000 medium r1 rt=None ct=765 $0.00 
[627/900] rg-number_sequence-001 medium r1 rt=None ct=403 $0.00 
[628/900] rg-word_ladder-007 medium r1 rt=None ct=2023 $0.00 
[629/900] rg-number_sequence-002 medium r1 rt=None ct=188 $0.00 
[630/900] rg-number_sequence-003 medium r1 rt=None ct=201 $0.00 
[631/900] rg-number_sequence-004 medium r1 rt=None ct=192 $0.00 
[632/900] rg-number_sequence-006 medium r1 rt=None ct=696 $0.00 
[633/900] rg-number_sequence-007 medium r1 rt=None ct=712 $0.00 
[634/900] rg-number_sequence-005 medium r1 rt=None ct=2214 $0.00 
[635/900] rg-rush_hour-000 medium r1 rt=None ct=3992 $0.00 
[636/900] rg-word_ladder-004 medium r1 rt=None ct=13043 $0.00 
[637/900] rg-rush_hour-002 medium r1 rt=None ct=4215 $0.00 
[638/900] if-249 low r1 rt=None ct=39613 $0.00 
[639/900] ma-hmmt_feb_2026-4 medium r1 rt=None ct=7026 $0.00 
[640/900] rg-rush_hour-001 medium r1 rt=None ct=27945 $0.00 
[641/900] ma-hmmt_feb_2026-5 medium r1 rt=None ct=28800 $0.00 
[642/900] ma-hmmt_feb_2026-11 medium r1 rt=None ct=775 $0.00 
[643/900] rg-rush_hour-003 medium r1 rt=None ct=38443 $0.00 
[644/900] ma-hmmt_feb_2026-13 medium r1 rt=None ct=4086 $0.00 
[645/900] ma-hmmt_feb_2026-14 medium r1 rt=None ct=2747 $0.00 
[646/900] ma-hmmt_feb_2026-7 medium r1 rt=None ct=44207 $0.00 
[647/900] ma-hmmt_feb_2026-26 medium r1 rt=None ct=25664 $0.00 
[648/900] ma-hmmt_feb_2026-29 medium r1 rt=None ct=26263 $0.00 
[649/900] ma-hmmt_feb_2026-30 medium r1 rt=None ct=19365 $0.00 
[650/900] ma-hmmt_feb_2026-32 medium r1 rt=None ct=12643 $0.00 
[651/900] ma-aime_2026-2 medium r1 rt=None ct=6956 $0.00 
[652/900] ma-hmmt_feb_2026-25 medium r1 rt=None ct=52569 $0.00 
[653/900] ma-aime_2026-21 medium r1 rt=None ct=9391 $0.00 
[654/900] if-5 medium r1 rt=None ct=2694 $0.00 
[655/900] if-18 medium r1 rt=None ct=1343 $0.00 
[656/900] if-44 medium r1 rt=None ct=1966 $0.00 
[657/900] ma-aime_2026-30 medium r1 rt=None ct=33143 $0.00 
[658/900] ma-aime_2026-15 medium r1 rt=None ct=37320 $0.00 
[659/900] if-97 medium r1 rt=None ct=867 $0.00 
[660/900] if-89 medium r1 rt=None ct=4214 $0.00 
[661/900] if-99 medium r1 rt=None ct=1588 $0.00 
[662/900] if-49 medium r1 rt=None ct=25127 $0.00 
[663/900] if-160 medium r1 rt=None ct=3203 $0.00 
[664/900] if-197 medium r1 rt=None ct=1615 $0.00 
[665/900] if-124 medium r1 rt=None ct=6039 $0.00 
[666/900] if-204 medium r1 rt=None ct=7554 $0.00 
[667/900] if-170 medium r1 rt=None ct=10992 $0.00 
[668/900] if-221 medium r1 rt=None ct=1441 $0.00 
[669/900] if-239 medium r1 rt=None ct=3199 $0.00 
[670/900] if-205 medium r1 rt=None ct=14014 $0.00 
[671/900] if-245 medium r1 rt=None ct=2117 $0.00 
[672/900] ma-hmmt_feb_2026-9 medium r1 rt=None ct=131072 $0.00 
[673/900] if-283 medium r1 rt=None ct=179 $0.00 
[674/900] bfcl-live_multiple_121-46-0 medium r1 rt=None ct=364 $0.00 
[675/900] bfcl-live_multiple_286-129-1 medium r1 rt=None ct=185 $0.00 
[676/900] bfcl-live_multiple_316-132-6 medium r1 rt=None ct=124 $0.00 
[677/900] bfcl-live_multiple_562-155-2 medium r1 rt=None ct=102 $0.00 
[678/900] bfcl-live_multiple_607-159-0 medium r1 rt=None ct=158 $0.00 
[679/900] bfcl-live_multiple_628-160-8 medium r1 rt=None ct=154 $0.00 
[680/900] bfcl-live_multiple_802-175-8 medium r1 rt=None ct=114 $0.00 
[681/900] bfcl-live_multiple_1030-258-0 medium r1 rt=None ct=378 $0.00 
[682/900] bfcl-live_simple_4-3-0 medium r1 rt=None ct=106 $0.00 
[683/900] bfcl-live_simple_118-74-0 medium r1 rt=None ct=105 $0.00 
[684/900] bfcl-live_simple_158-95-15 medium r1 rt=None ct=60 $0.00 
[685/900] bfcl-live_simple_173-99-7 medium r1 rt=None ct=55 $0.00 
[686/900] bfcl-live_simple_176-102-0 medium r1 rt=None ct=275 $0.00 
[687/900] bfcl-live_simple_180-105-0 medium r1 rt=None ct=171 $0.00 
[688/900] bfcl-live_simple_222-117-14 medium r1 rt=None ct=110 $0.00 
[689/900] bfcl-live_simple_234-123-1 medium r1 rt=None ct=461 $0.00 
[690/900] bfcl-irrelevance_1 medium r1 rt=None ct=506 $0.00 
[691/900] if-268 medium r1 rt=None ct=5616 $0.00 
[692/900] bfcl-irrelevance_81 medium r1 rt=None ct=497 $0.00 
[693/900] bfcl-irrelevance_149 medium r1 rt=None ct=480 $0.00 
[694/900] bfcl-irrelevance_221 medium r1 rt=None ct=482 $0.00 
[695/900] bfcl-live_parallel_multiple_4-3-0 medium r1 rt=None ct=220 $0.00 
[696/900] bfcl-live_parallel_multiple_7-6-0 medium r1 rt=None ct=231 $0.00 
[697/900] bfcl-live_parallel_multiple_16-14-0 medium r1 rt=None ct=177 $0.00 
[698/900] bfcl-live_parallel_multiple_19-16-1 medium r1 rt=None ct=241 $0.00 
[699/900] if-209 medium r1 rt=None ct=14436 $0.00 
[700/900] rg-intermediate_integration-112 medium r1 rt=None ct=822 $0.00 
[701/900] rg-intermediate_integration-111 medium r1 rt=None ct=1003 $0.00 
[702/900] rg-intermediate_integration-110 medium r1 rt=None ct=1506 $0.00 
[703/900] rg-intermediate_integration-113 medium r1 rt=None ct=1249 $0.00 
[704/900] rg-intermediate_integration-114 medium r1 rt=None ct=1449 $0.00 
[705/900] rg-intermediate_integration-116 medium r1 rt=None ct=934 $0.00 
[706/900] rg-intermediate_integration-115 medium r1 rt=None ct=2061 $0.00 
[707/900] rg-intermediate_integration-119 medium r1 rt=None ct=889 $0.00 
[708/900] rg-intermediate_integration-117 medium r1 rt=None ct=2278 $0.00 
[709/900] rg-intermediate_integration-120 medium r1 rt=None ct=1368 $0.00 
[710/900] rg-intermediate_integration-121 medium r1 rt=None ct=899 $0.00 
[711/900] rg-intermediate_integration-118 medium r1 rt=None ct=2684 $0.00 
[712/900] rg-intermediate_integration-122 medium r1 rt=None ct=465 $0.00 
[713/900] rg-intermediate_integration-123 medium r1 rt=None ct=1325 $0.00 
[714/900] rg-intermediate_integration-126 medium r1 rt=None ct=1324 $0.00 
[715/900] rg-intermediate_integration-125 medium r1 rt=None ct=2920 $0.00 
[716/900] rg-intermediate_integration-127 medium r1 rt=None ct=1002 $0.00 
[717/900] rg-intermediate_integration-128 medium r1 rt=None ct=356 $0.00 
[718/900] rg-intermediate_integration-124 medium r1 rt=None ct=3946 $0.00 
[719/900] rg-propositional_logic-110 medium r1 rt=None ct=1132 $0.00 
[720/900] rg-propositional_logic-111 medium r1 rt=None ct=884 $0.00 
[721/900] rg-propositional_logic-112 medium r1 rt=None ct=667 $0.00 
[722/900] rg-intermediate_integration-130 medium r1 rt=None ct=1931 $0.00 
[723/900] rg-propositional_logic-113 medium r1 rt=None ct=809 $0.00 
[724/900] rg-propositional_logic-114 medium r1 rt=None ct=446 $0.00 
[725/900] rg-propositional_logic-117 medium r1 rt=None ct=313 $0.00 
[726/900] if-248 medium r1 rt=None ct=19504 $0.00 
[727/900] rg-propositional_logic-118 medium r1 rt=None ct=332 $0.00 
[728/900] rg-propositional_logic-115 medium r1 rt=None ct=1240 $0.00 
[729/900] rg-propositional_logic-119 medium r1 rt=None ct=668 $0.00 
[730/900] rg-propositional_logic-120 medium r1 rt=None ct=567 $0.00 
[731/900] rg-propositional_logic-116 medium r1 rt=None ct=1333 $0.00 
[732/900] rg-propositional_logic-121 medium r1 rt=None ct=428 $0.00 
[733/900] rg-propositional_logic-124 medium r1 rt=None ct=130 $0.00 
[734/900] rg-propositional_logic-123 medium r1 rt=None ct=279 $0.00 
[735/900] rg-propositional_logic-125 medium r1 rt=None ct=653 $0.00 
[736/900] rg-propositional_logic-122 medium r1 rt=None ct=892 $0.00 
[737/900] rg-propositional_logic-127 medium r1 rt=None ct=826 $0.00 
[738/900] rg-propositional_logic-129 medium r1 rt=None ct=367 $0.00 
[739/900] rg-propositional_logic-126 medium r1 rt=None ct=1102 $0.00 
[740/900] rg-propositional_logic-128 medium r1 rt=None ct=912 $0.00 
[741/900] rg-word_ladder-108 medium r1 rt=None ct=1147 $0.00 
[742/900] rg-word_ladder-111 medium r1 rt=None ct=849 $0.00 
[743/900] rg-word_ladder-109 medium r1 rt=None ct=1437 $0.00 
[744/900] rg-word_ladder-114 medium r1 rt=None ct=1389 $0.00 
[745/900] rg-word_ladder-113 medium r1 rt=None ct=1896 $0.00 
[746/900] rg-word_ladder-112 medium r1 rt=None ct=2738 $0.00 
[747/900] rg-word_ladder-115 medium r1 rt=None ct=954 $0.00 
[748/900] rg-word_ladder-116 medium r1 rt=None ct=1619 $0.00 
[749/900] rg-word_ladder-117 medium r1 rt=None ct=1325 $0.00 
[750/900] rg-word_ladder-120 medium r1 rt=None ct=1163 $0.00 
[751/900] rg-word_ladder-119 medium r1 rt=None ct=1592 $0.00 
[752/900] rg-word_ladder-121 medium r1 rt=None ct=1205 $0.00 
[753/900] rg-word_ladder-123 medium r1 rt=None ct=1602 $0.00 
[754/900] rg-word_ladder-118 medium r1 rt=None ct=5659 $0.00 
[755/900] rg-number_sequence-108 medium r1 rt=None ct=1095 $0.00 
[756/900] rg-word_ladder-122 medium r1 rt=None ct=3857 $0.00 
[757/900] rg-number_sequence-111 medium r1 rt=None ct=393 $0.00 
[758/900] rg-number_sequence-112 medium r1 rt=None ct=705 $0.00 
[759/900] rg-number_sequence-113 medium r1 rt=None ct=535 $0.00 
[760/900] rg-number_sequence-114 medium r1 rt=None ct=269 $0.00 
[761/900] rg-number_sequence-115 medium r1 rt=None ct=249 $0.00 
[762/900] rg-number_sequence-110 medium r1 rt=None ct=2888 $0.00 
[763/900] rg-number_sequence-109 medium r1 rt=None ct=3738 $0.00 
[764/900] rg-number_sequence-118 medium r1 rt=None ct=203 $0.00 
[765/900] rg-number_sequence-117 medium r1 rt=None ct=453 $0.00 
[766/900] rg-number_sequence-119 medium r1 rt=None ct=403 $0.00 
[767/900] rg-number_sequence-120 medium r1 rt=None ct=552 $0.00 
[768/900] rg-number_sequence-121 medium r1 rt=None ct=368 $0.00 
[769/900] rg-number_sequence-122 medium r1 rt=None ct=219 $0.00 
[770/900] rg-number_sequence-123 medium r1 rt=None ct=196 $0.00 
[771/900] rg-number_sequence-124 medium r1 rt=None ct=401 $0.00 
[772/900] rg-number_sequence-116 medium r1 rt=None ct=2811 $0.00 
[773/900] rg-number_sequence-127 medium r1 rt=None ct=243 $0.00 
[774/900] rg-number_sequence-125 medium r1 rt=None ct=1283 $0.00 
[775/900] rg-number_sequence-126 medium r1 rt=None ct=1138 $0.00 
[776/900] rg-word_ladder-110 medium r1 rt=None ct=18230 $0.00 
[777/900] rg-rush_hour-107 medium r1 rt=None ct=4637 $0.00 
[778/900] rg-rush_hour-105 medium r1 rt=None ct=9653 $0.00 
[779/900] rg-rush_hour-104 medium r1 rt=None ct=13672 $0.00 
[780/900] ma-hmmt_feb_2026-6 medium r1 rt=None ct=6775 $0.00 
[781/900] ma-hmmt_feb_2026-2 medium r1 rt=None ct=9806 $0.00 
[782/900] ma-hmmt_feb_2026-8 medium r1 rt=None ct=12282 $0.00 
[783/900] rg-rush_hour-106 medium r1 rt=None ct=35267 $0.00 
[784/900] ma-hmmt_feb_2026-23 medium r1 rt=None ct=2850 $0.00 
[785/900] ma-hmmt_feb_2026-24 medium r1 rt=None ct=2268 $0.00 
[786/900] ma-hmmt_feb_2026-18 medium r1 rt=None ct=29117 $0.00 
[787/900] ma-hmmt_feb_2026-19 medium r1 rt=None ct=34501 $0.00 
[788/900] ma-hmmt_feb_2026-27 medium r1 rt=None ct=28294 $0.00 
[789/900] if-11 medium r1 rt=None ct=4083 $0.00 
[790/900] ma-hmmt_feb_2026-28 medium r1 rt=None ct=30655 $0.00 
[791/900] if-12 medium r1 rt=None ct=4172 $0.00 
[792/900] if-21 medium r1 rt=None ct=1017 $0.00 
[793/900] if-30 medium r1 rt=None ct=1906 $0.00 
[794/900] if-33 medium r1 rt=None ct=517 $0.00 
[795/900] if-60 medium r1 rt=None ct=335 $0.00 
[796/900] if-66 medium r1 rt=None ct=246 $0.00 
[797/900] ma-hmmt_feb_2026-31 medium r1 rt=None ct=21835 $0.00 
[798/900] if-74 medium r1 rt=None ct=476 $0.00 
[799/900] if-69 medium r1 rt=None ct=1801 $0.00 
[800/900] if-78 medium r1 rt=None ct=842 $0.00 
[801/900] if-29 medium r1 rt=None ct=6401 $0.00 
[802/900] if-94 medium r1 rt=None ct=343 $0.00 
[803/900] if-84 medium r1 rt=None ct=1679 $0.00 
[804/900] if-110 medium r1 rt=None ct=823 $0.00 
[805/900] if-91 medium r1 rt=None ct=2257 $0.00 
[806/900] if-112 medium r1 rt=None ct=1769 $0.00 
[807/900] if-125 medium r1 rt=None ct=2613 $0.00 
[808/900] if-139 medium r1 rt=None ct=1515 $0.00 
[809/900] if-140 medium r1 rt=None ct=1209 $0.00 
[810/900] if-135 medium r1 rt=None ct=5450 $0.00 
[811/900] if-149 medium r1 rt=None ct=1601 $0.00 
[812/900] if-133 medium r1 rt=None ct=6289 $0.00 
[813/900] ma-hmmt_feb_2026-10 medium r1 rt=None ct=76116 $0.00 
[814/900] if-156 medium r1 rt=None ct=1414 $0.00 
[815/900] if-155 medium r1 rt=None ct=1884 $0.00 
[816/900] if-161 medium r1 rt=None ct=1712 $0.00 
[817/900] if-173 medium r1 rt=None ct=2027 $0.00 
[818/900] if-164 medium r1 rt=None ct=3751 $0.00 
[819/900] if-179 medium r1 rt=None ct=3652 $0.00 
[820/900] if-166 medium r1 rt=None ct=8389 $0.00 
[821/900] if-195 medium r1 rt=None ct=2977 $0.00 
[822/900] if-198 medium r1 rt=None ct=1642 $0.00 
[823/900] if-150 medium r1 rt=None ct=14034 $0.00 
[824/900] if-224 medium r1 rt=None ct=4564 $0.00 
[825/900] if-206 medium r1 rt=None ct=15607 $0.00 
[826/900] if-234 medium r1 rt=None ct=2426 $0.00 
[827/900] if-184 medium r1 rt=None ct=25801 $0.00 
[828/900] if-236 medium r1 rt=None ct=3507 $0.00 
[829/900] if-210 medium r1 rt=None ct=21450 $0.00 
[830/900] if-243 medium r1 rt=None ct=2789 $0.00 
[831/900] if-266 medium r1 rt=None ct=6367 $0.00 
[832/900] if-276 medium r1 rt=None ct=802 $0.00 
[833/900] if-244 medium r1 rt=None ct=8952 $0.00 
[834/900] if-285 medium r1 rt=None ct=1429 $0.00 
[835/900] if-230 medium r1 rt=None ct=24955 $0.00 
[836/900] if-278 medium r1 rt=None ct=2224 $0.00 
[837/900] if-298 medium r1 rt=None ct=499 $0.00 
[838/900] if-293 medium r1 rt=None ct=848 $0.00 
[839/900] bfcl-live_multiple_59-22-6 medium r1 rt=None ct=187 $0.00 
[840/900] bfcl-live_multiple_71-31-0 medium r1 rt=None ct=179 $0.00 
[841/900] bfcl-live_multiple_128-50-0 medium r1 rt=None ct=182 $0.00 
[842/900] bfcl-live_multiple_203-90-5 medium r1 rt=None ct=174 $0.00 
[843/900] bfcl-live_multiple_367-134-12 medium r1 rt=None ct=130 $0.00 
[844/900] bfcl-live_multiple_390-137-8 medium r1 rt=None ct=119 $0.00 
[845/900] bfcl-live_multiple_501-148-11 medium r1 rt=None ct=142 $0.00 
[846/900] bfcl-live_multiple_432-141-21 medium r1 rt=None ct=235 $0.00 
[847/900] bfcl-live_multiple_556-154-2 medium r1 rt=None ct=211 $0.00 
[848/900] bfcl-live_multiple_658-162-0 medium r1 rt=None ct=191 $0.00 
[849/900] bfcl-live_multiple_663-162-5 medium r1 rt=None ct=137 $0.00 
[850/900] bfcl-live_multiple_832-178-7 medium r1 rt=None ct=167 $0.00 
[851/900] if-299 medium r1 rt=None ct=1696 $0.00 
[852/900] bfcl-live_multiple_900-185-10 medium r1 rt=None ct=154 $0.00 
[853/900] bfcl-live_multiple_901-185-11 medium r1 rt=None ct=139 $0.00 
[854/900] bfcl-live_multiple_943-196-1 medium r1 rt=None ct=88 $0.00 
[855/900] bfcl-live_multiple_949-199-0 medium r1 rt=None ct=84 $0.00 
[856/900] bfcl-live_multiple_951-200-0 medium r1 rt=None ct=59 $0.00 
[857/900] bfcl-live_multiple_1007-236-0 medium r1 rt=None ct=70 $0.00 
[858/900] bfcl-live_multiple_970-211-0 medium r1 rt=None ct=152 $0.00 
[859/900] bfcl-live_simple_24-5-2 medium r1 rt=None ct=76 $0.00 
[860/900] bfcl-live_simple_55-25-1 medium r1 rt=None ct=85 $0.00 
[861/900] bfcl-live_simple_25-5-3 medium r1 rt=None ct=113 $0.00 
[862/900] bfcl-live_simple_61-29-1 medium r1 rt=None ct=76 $0.00 
[863/900] bfcl-live_simple_87-48-0 medium r1 rt=None ct=109 $0.00 
[864/900] bfcl-live_simple_98-58-0 medium r1 rt=None ct=127 $0.00 
[865/900] bfcl-live_simple_105-62-0 medium r1 rt=None ct=164 $0.00 
[866/900] bfcl-live_multiple_974-214-0 medium r1 rt=None ct=617 $0.00 
[867/900] bfcl-live_simple_126-82-0 medium r1 rt=None ct=185 $0.00 
[868/900] bfcl-live_simple_130-84-0 medium r1 rt=None ct=279 $0.00 
[869/900] bfcl-live_simple_137-90-0 medium r1 rt=None ct=202 $0.00 
[870/900] bfcl-live_simple_139-92-0 medium r1 rt=None ct=189 $0.00 
[871/900] bfcl-live_simple_150-95-7 medium r1 rt=None ct=82 $0.00 
[872/900] bfcl-live_simple_191-115-1 medium r1 rt=None ct=107 $0.00 
[873/900] bfcl-live_simple_181-106-0 medium r1 rt=None ct=190 $0.00 
[874/900] bfcl-live_simple_195-116-3 medium r1 rt=None ct=112 $0.00 
[875/900] bfcl-live_simple_210-117-2 medium r1 rt=None ct=99 $0.00 
[876/900] bfcl-live_simple_228-119-0 medium r1 rt=None ct=91 $0.00 
[877/900] bfcl-live_simple_219-117-11 medium r1 rt=None ct=112 $0.00 
[878/900] bfcl-live_simple_233-123-0 medium r1 rt=None ct=163 $0.00 
[879/900] bfcl-live_simple_237-125-0 medium r1 rt=None ct=102 $0.00 
[880/900] bfcl-irrelevance_101 medium r1 rt=None ct=487 $0.00 
[881/900] bfcl-irrelevance_115 medium r1 rt=None ct=218 $0.00 
[882/900] bfcl-irrelevance_106 medium r1 rt=None ct=717 $0.00 
[883/900] bfcl-irrelevance_68 medium r1 rt=None ct=843 $0.00 
[884/900] bfcl-irrelevance_167 medium r1 rt=None ct=232 $0.00 
[885/900] bfcl-irrelevance_172 medium r1 rt=None ct=341 $0.00 
[886/900] bfcl-irrelevance_218 medium r1 rt=None ct=283 $0.00 
[887/900] bfcl-irrelevance_132 medium r1 rt=None ct=617 $0.00 
[888/900] bfcl-live_parallel_multiple_0-0-0 medium r1 rt=None ct=229 $0.00 
[889/900] bfcl-live_parallel_multiple_1-1-0 medium r1 rt=None ct=158 $0.00 
[890/900] bfcl-live_parallel_multiple_12-10-1 medium r1 rt=None ct=136 $0.00 
[891/900] bfcl-live_parallel_multiple_2-2-0 medium r1 rt=None ct=218 $0.00 
[892/900] bfcl-live_parallel_multiple_3-2-1 medium r1 rt=None ct=317 $0.00 
[893/900] bfcl-live_parallel_multiple_14-12-0 medium r1 rt=None ct=163 $0.00 
[894/900] bfcl-live_parallel_multiple_13-11-0 medium r1 rt=None ct=226 $0.00 
[895/900] bfcl-live_parallel_multiple_15-13-0 medium r1 rt=None ct=131 $0.00 
[896/900] bfcl-live_parallel_multiple_18-16-0 medium r1 rt=None ct=193 $0.00 
[897/900] bfcl-live_parallel_multiple_17-15-0 medium r1 rt=None ct=266 $0.00 
[898/900] bfcl-live_parallel_multiple_20-17-0 medium r1 rt=None ct=267 $0.00 
[899/900] bfcl-live_parallel_multiple_21-18-0 medium r1 rt=None ct=276 $0.00 
[900/900] if-249 medium r1 rt=None ct=27689 $0.00 
done in 286.7 min: ok=900 skip=0 err=0 cost=$0.00
[07:57:18] === STAGE: --efforts xhigh --repeats 3 ===
300 tasks x ['xhigh'] x 3 = 900 calls, concurrency 4
[301/900] rg-intermediate_integration-003 xhigh r2 rt=None ct=513 $0.00 
[302/900] rg-intermediate_integration-002 xhigh r2 rt=None ct=851 $0.00 
[303/900] rg-intermediate_integration-001 xhigh r2 rt=None ct=1260 $0.00 
[304/900] rg-intermediate_integration-004 xhigh r2 rt=None ct=1391 $0.00 
[305/900] rg-intermediate_integration-005 xhigh r2 rt=None ct=1431 $0.00 
[306/900] rg-intermediate_integration-006 xhigh r2 rt=None ct=1087 $0.00 
[307/900] rg-intermediate_integration-008 xhigh r2 rt=None ct=720 $0.00 
[308/900] rg-propositional_logic-000 xhigh r2 rt=None ct=263 $0.00 
[309/900] rg-intermediate_integration-009 xhigh r2 rt=None ct=1094 $0.00 
[310/900] rg-intermediate_integration-000 xhigh r2 rt=None ct=3833 $0.00 
[311/900] rg-intermediate_integration-007 xhigh r2 rt=None ct=2486 $0.00 
[312/900] rg-propositional_logic-003 xhigh r2 rt=None ct=1009 $0.00 
[313/900] rg-propositional_logic-005 xhigh r2 rt=None ct=2033 $0.00 
[314/900] rg-propositional_logic-006 xhigh r2 rt=None ct=401 $0.00 
[315/900] rg-propositional_logic-002 xhigh r2 rt=None ct=3886 $0.00 
[316/900] rg-propositional_logic-008 xhigh r2 rt=None ct=584 $0.00 
[317/900] rg-propositional_logic-009 xhigh r2 rt=None ct=178 $0.00 
[318/900] rg-word_ladder-000 xhigh r2 rt=None ct=325 $0.00 
[319/900] rg-propositional_logic-004 xhigh r2 rt=None ct=5746 $0.00 
[320/900] rg-word_ladder-002 xhigh r2 rt=None ct=879 $0.00 
[321/900] rg-word_ladder-001 xhigh r2 rt=None ct=3519 $0.00 
[322/900] rg-propositional_logic-001 xhigh r2 rt=None ct=10139 $0.00 
[323/900] rg-word_ladder-004 xhigh r2 rt=None ct=2140 $0.00 
[324/900] rg-word_ladder-003 xhigh r2 rt=None ct=3649 $0.00 
[325/900] rg-propositional_logic-007 xhigh r2 rt=None ct=7419 $0.00 
[326/900] rg-word_ladder-007 xhigh r2 rt=None ct=1676 $0.00 
[327/900] rg-number_sequence-001 xhigh r2 rt=None ct=431 $0.00 
[328/900] rg-number_sequence-002 xhigh r2 rt=None ct=103 $0.00 
[329/900] rg-number_sequence-003 xhigh r2 rt=None ct=68 $0.00 
[330/900] rg-number_sequence-004 xhigh r2 rt=None ct=96 $0.00 
[331/900] rg-word_ladder-006 xhigh r2 rt=None ct=4062 $0.00 
[332/900] rg-number_sequence-000 xhigh r2 rt=None ct=5828 $0.00 
[333/900] rg-number_sequence-005 xhigh r2 rt=None ct=3507 $0.00 
[334/900] rg-word_ladder-005 xhigh r2 rt=None ct=7186 $0.00 
[335/900] rg-number_sequence-007 xhigh r2 rt=None ct=896 $0.00 
[336/900] rg-rush_hour-002 xhigh r2 rt=None ct=4484 $0.00 
[337/900] rg-rush_hour-001 xhigh r2 rt=None ct=15935 $0.00 
[338/900] ma-hmmt_feb_2026-4 xhigh r2 rt=None ct=7708 $0.00 
[339/900] rg-number_sequence-006 xhigh r2 rt=None ct=40228 $0.00 
[340/900] rg-rush_hour-003 xhigh r2 rt=None ct=33567 $0.00 
[341/900] rg-rush_hour-000 xhigh r2 rt=None ct=42388 $0.00 
[342/900] ma-hmmt_feb_2026-5 xhigh r2 rt=None ct=19369 $0.00 
[343/900] ma-hmmt_feb_2026-11 xhigh r2 rt=None ct=958 $0.00 
[344/900] ma-hmmt_feb_2026-14 xhigh r2 rt=None ct=2872 $0.00 
[345/900] ma-hmmt_feb_2026-9 xhigh r2 rt=None ct=24363 $0.00 
[346/900] ma-hmmt_feb_2026-13 xhigh r2 rt=None ct=21745 $0.00 
[347/900] ma-hmmt_feb_2026-29 xhigh r2 rt=None ct=41211 $0.00 
[348/900] ma-hmmt_feb_2026-25 xhigh r2 rt=None ct=71129 $0.00 
[349/900] ma-hmmt_feb_2026-32 xhigh r2 rt=None ct=6625 $0.00 
[350/900] ma-hmmt_feb_2026-7 xhigh r2 rt=None ct=86175 $0.00 
[351/900] ma-aime_2026-2 xhigh r2 rt=None ct=4290 $0.00 
[352/900] ma-hmmt_feb_2026-26 xhigh r2 rt=None ct=72478 $0.00 
[353/900] ma-hmmt_feb_2026-30 xhigh r2 rt=None ct=29969 $0.00 
[354/900] if-5 xhigh r2 rt=None ct=2671 $0.00 
[355/900] ma-aime_2026-21 xhigh r2 rt=None ct=10873 $0.00 
[356/900] if-18 xhigh r2 rt=None ct=731 $0.00 
[357/900] if-44 xhigh r2 rt=None ct=1409 $0.00 
[358/900] if-89 xhigh r2 rt=None ct=2039 $0.00 
[359/900] if-97 xhigh r2 rt=None ct=659 $0.00 
[360/900] if-49 xhigh r2 rt=None ct=4274 $0.00 
[361/900] if-99 xhigh r2 rt=None ct=2985 $0.00 
[362/900] if-160 xhigh r2 rt=None ct=2802 $0.00 
[363/900] if-170 xhigh r2 rt=None ct=9962 $0.00 
[364/900] if-197 xhigh r2 rt=None ct=1292 $0.00 
[365/900] if-204 xhigh r2 rt=None ct=14523 $0.00 
[366/900] ma-aime_2026-30 xhigh r2 rt=None ct=48244 $0.00 
[367/900] if-124 xhigh r2 rt=None ct=54297 $0.00 
[368/900] if-205 xhigh r2 rt=None ct=24691 $0.00 
[369/900] if-209 xhigh r2 rt=None ct=15544 $0.00 
[370/900] if-221 xhigh r2 rt=None ct=2040 $0.00 
[371/900] if-245 xhigh r2 rt=None ct=2853 $0.00 
[372/900] if-239 xhigh r2 rt=None ct=4168 $0.00 
[373/900] if-283 xhigh r2 rt=None ct=615 $0.00 
[374/900] if-248 xhigh r2 rt=None ct=4564 $0.00 
[375/900] bfcl-live_multiple_121-46-0 xhigh r2 rt=None ct=409 $0.00 
[376/900] bfcl-live_multiple_286-129-1 xhigh r2 rt=None ct=195 $0.00 
[377/900] bfcl-live_multiple_316-132-6 xhigh r2 rt=None ct=106 $0.00 
[378/900] bfcl-live_multiple_562-155-2 xhigh r2 rt=None ct=94 $0.00 
[379/900] bfcl-live_multiple_628-160-8 xhigh r2 rt=None ct=116 $0.00 
[380/900] bfcl-live_multiple_607-159-0 xhigh r2 rt=None ct=261 $0.00 
[381/900] bfcl-live_multiple_802-175-8 xhigh r2 rt=None ct=125 $0.00 
[382/900] bfcl-live_simple_4-3-0 xhigh r2 rt=None ct=92 $0.00 
[383/900] bfcl-live_multiple_1030-258-0 xhigh r2 rt=None ct=114 $0.00 
[384/900] bfcl-live_simple_158-95-15 xhigh r2 rt=None ct=59 $0.00 
[385/900] bfcl-live_simple_118-74-0 xhigh r2 rt=None ct=82 $0.00 
[386/900] bfcl-live_simple_173-99-7 xhigh r2 rt=None ct=59 $0.00 
[387/900] bfcl-live_simple_176-102-0 xhigh r2 rt=None ct=135 $0.00 
[388/900] bfcl-live_simple_222-117-14 xhigh r2 rt=None ct=149 $0.00 
[389/900] bfcl-live_simple_180-105-0 xhigh r2 rt=None ct=342 $0.00 
[390/900] bfcl-live_simple_234-123-1 xhigh r2 rt=None ct=153 $0.00 
[391/900] bfcl-irrelevance_1 xhigh r2 rt=None ct=351 $0.00 
[392/900] bfcl-irrelevance_81 xhigh r2 rt=None ct=455 $0.00 
[393/900] bfcl-irrelevance_149 xhigh r2 rt=None ct=694 $0.00 
[394/900] bfcl-irrelevance_221 xhigh r2 rt=None ct=543 $0.00 
[395/900] bfcl-live_parallel_multiple_7-6-0 xhigh r2 rt=None ct=163 $0.00 
[396/900] bfcl-live_parallel_multiple_4-3-0 xhigh r2 rt=None ct=205 $0.00 
[397/900] bfcl-live_parallel_multiple_16-14-0 xhigh r2 rt=None ct=177 $0.00 
[398/900] bfcl-live_parallel_multiple_19-16-1 xhigh r2 rt=None ct=241 $0.00 
[399/900] rg-intermediate_integration-111 xhigh r2 rt=None ct=795 $0.00 
[400/900] rg-intermediate_integration-110 xhigh r2 rt=None ct=1108 $0.00 
[401/900] rg-intermediate_integration-113 xhigh r2 rt=None ct=940 $0.00 
[402/900] rg-intermediate_integration-112 xhigh r2 rt=None ct=2646 $0.00 
[403/900] rg-intermediate_integration-114 xhigh r2 rt=None ct=1695 $0.00 
[404/900] rg-intermediate_integration-116 xhigh r2 rt=None ct=411 $0.00 
[405/900] rg-intermediate_integration-115 xhigh r2 rt=None ct=1307 $0.00 
[406/900] rg-intermediate_integration-117 xhigh r2 rt=None ct=3449 $0.00 
[407/900] rg-intermediate_integration-119 xhigh r2 rt=None ct=787 $0.00 
[408/900] rg-intermediate_integration-120 xhigh r2 rt=None ct=1931 $0.00 
[409/900] rg-intermediate_integration-121 xhigh r2 rt=None ct=851 $0.00 
[410/900] rg-intermediate_integration-118 xhigh r2 rt=None ct=6485 $0.00 
[411/900] if-268 xhigh r2 rt=None ct=16379 $0.00 
[412/900] rg-intermediate_integration-122 xhigh r2 rt=None ct=643 $0.00 
[413/900] rg-intermediate_integration-123 xhigh r2 rt=None ct=1511 $0.00 
[414/900] rg-intermediate_integration-124 xhigh r2 rt=None ct=1270 $0.00 
[415/900] rg-intermediate_integration-126 xhigh r2 rt=None ct=1259 $0.00 
[416/900] rg-intermediate_integration-127 xhigh r2 rt=None ct=1466 $0.00 
[417/900] rg-intermediate_integration-125 xhigh r2 rt=None ct=2969 $0.00 
[418/900] rg-intermediate_integration-128 xhigh r2 rt=None ct=829 $0.00 
[419/900] rg-intermediate_integration-130 xhigh r2 rt=None ct=2471 $0.00 
[420/900] rg-propositional_logic-110 xhigh r2 rt=None ct=6947 $0.00 
[421/900] rg-propositional_logic-112 xhigh r2 rt=None ct=5759 $0.00 
[422/900] rg-propositional_logic-114 xhigh r2 rt=None ct=301 $0.00 
[423/900] rg-propositional_logic-111 xhigh r2 rt=None ct=8108 $0.00 
[424/900] rg-propositional_logic-115 xhigh r2 rt=None ct=3241 $0.00 
[425/900] rg-propositional_logic-117 xhigh r2 rt=None ct=515 $0.00 
[426/900] rg-propositional_logic-118 xhigh r2 rt=None ct=801 $0.00 
[427/900] rg-propositional_logic-119 xhigh r2 rt=None ct=2851 $0.00 
[428/900] rg-propositional_logic-116 xhigh r2 rt=None ct=8223 $0.00 
[429/900] rg-propositional_logic-121 xhigh r2 rt=None ct=498 $0.00 
[430/900] rg-propositional_logic-120 xhigh r2 rt=None ct=2509 $0.00 
[431/900] ma-aime_2026-15 xhigh r2 rt=None ct=116095 $0.00 
[432/900] rg-propositional_logic-123 xhigh r2 rt=None ct=150 $0.00 
[433/900] rg-propositional_logic-124 xhigh r2 rt=None ct=106 $0.00 
[434/900] rg-propositional_logic-122 xhigh r2 rt=None ct=2142 $0.00 
[435/900] rg-propositional_logic-113 xhigh r2 rt=None ct=13783 $0.00 
[436/900] rg-propositional_logic-127 xhigh r2 rt=None ct=1958 $0.00 
[437/900] rg-propositional_logic-125 xhigh r2 rt=None ct=3682 $0.00 
[438/900] rg-propositional_logic-129 xhigh r2 rt=None ct=1717 $0.00 
[439/900] rg-propositional_logic-126 xhigh r2 rt=None ct=4598 $0.00 
[440/900] rg-word_ladder-109 xhigh r2 rt=None ct=570 $0.00 
[441/900] rg-propositional_logic-128 xhigh r2 rt=None ct=3078 $0.00 
[442/900] rg-word_ladder-112 xhigh r2 rt=None ct=1303 $0.00 
[443/900] rg-word_ladder-113 xhigh r2 rt=None ct=2708 $0.00 
[444/900] rg-word_ladder-110 xhigh r2 rt=None ct=4999 $0.00 
[445/900] rg-word_ladder-115 xhigh r2 rt=None ct=616 $0.00 
[446/900] rg-word_ladder-108 xhigh r2 rt=None ct=8284 $0.00 
[447/900] rg-word_ladder-111 xhigh r2 rt=None ct=8100 $0.00 
[448/900] rg-word_ladder-114 xhigh r2 rt=None ct=3665 $0.00 
[449/900] rg-word_ladder-117 xhigh r2 rt=None ct=1894 $0.00 
[450/900] rg-word_ladder-116 xhigh r2 rt=None ct=3691 $0.00 
[451/900] rg-word_ladder-119 xhigh r2 rt=None ct=1398 $0.00 
[452/900] rg-word_ladder-121 xhigh r2 rt=None ct=1150 $0.00 
[453/900] rg-word_ladder-123 xhigh r2 rt=None ct=1070 $0.00 
[454/900] rg-number_sequence-108 xhigh r2 rt=None ct=2466 $0.00 
[455/900] rg-word_ladder-118 xhigh r2 rt=None ct=9389 $0.00 
[456/900] rg-word_ladder-122 xhigh r2 rt=None ct=8153 $0.00 
[457/900] rg-number_sequence-111 xhigh r2 rt=None ct=101 $0.00 
[458/900] rg-number_sequence-112 xhigh r2 rt=None ct=500 $0.00 
[459/900] rg-number_sequence-113 xhigh r2 rt=None ct=314 $0.00 
[460/900] rg-number_sequence-114 xhigh r2 rt=None ct=109 $0.00 
[461/900] rg-number_sequence-115 xhigh r2 rt=None ct=83 $0.00 
[462/900] rg-word_ladder-120 xhigh r2 rt=None ct=13655 $0.00 
[463/900] rg-number_sequence-116 xhigh r2 rt=None ct=4386 $0.00 
[464/900] rg-number_sequence-118 xhigh r2 rt=None ct=77 $0.00 
[465/900] rg-number_sequence-119 xhigh r2 rt=None ct=201 $0.00 
[466/900] rg-number_sequence-120 xhigh r2 rt=None ct=366 $0.00 
[467/900] rg-number_sequence-121 xhigh r2 rt=None ct=259 $0.00 
[468/900] rg-number_sequence-122 xhigh r2 rt=None ct=95 $0.00 
[469/900] rg-number_sequence-123 xhigh r2 rt=None ct=55 $0.00 
[470/900] rg-number_sequence-124 xhigh r2 rt=None ct=255 $0.00 
[471/900] rg-number_sequence-110 xhigh r2 rt=None ct=7526 $0.00 
[472/900] rg-number_sequence-109 xhigh r2 rt=None ct=21268 $0.00 
[473/900] rg-number_sequence-127 xhigh r2 rt=None ct=55 $0.00 
[474/900] rg-number_sequence-117 xhigh r2 rt=None ct=19951 $0.00 
[475/900] rg-number_sequence-126 xhigh r2 rt=None ct=19583 $0.00 
[476/900] rg-rush_hour-106 xhigh r2 rt=None ct=2321 $0.00 
[477/900] rg-rush_hour-107 xhigh r2 rt=None ct=4694 $0.00 
[478/900] ma-hmmt_feb_2026-2 xhigh r2 rt=None ct=6872 $0.00 
[479/900] rg-number_sequence-125 xhigh r2 rt=None ct=37232 $0.00 
[480/900] rg-rush_hour-105 xhigh r2 rt=None ct=21770 $0.00 
[481/900] ma-hmmt_feb_2026-6 xhigh r2 rt=None ct=24747 $0.00 
[482/900] ma-hmmt_feb_2026-10 xhigh r2 rt=None ct=21952 $0.00 
[483/900] ma-hmmt_feb_2026-8 xhigh r2 rt=None ct=47801 $0.00 
[484/900] ma-hmmt_feb_2026-23 xhigh r2 rt=None ct=22586 $0.00 
[485/900] ma-hmmt_feb_2026-24 xhigh r2 rt=None ct=3773 $0.00 
[486/900] ma-hmmt_feb_2026-18 xhigh r2 rt=None ct=56065 $0.00 
[487/900] ma-hmmt_feb_2026-19 xhigh r2 rt=None ct=68759 $0.00 
[488/900] rg-rush_hour-104 xhigh r2 rt=None ct=131072 $0.00 
[489/900] if-11 xhigh r2 rt=None ct=8626 $0.00 
[490/900] if-12 xhigh r2 rt=None ct=3217 $0.00 
[491/900] if-21 xhigh r2 rt=None ct=848 $0.00 
[492/900] if-29 xhigh r2 rt=None ct=7583 $0.00 
[493/900] if-30 xhigh r2 rt=None ct=2220 $0.00 
[494/900] if-33 xhigh r2 rt=None ct=571 $0.00 
[495/900] ma-hmmt_feb_2026-31 xhigh r2 rt=None ct=34861 $0.00 
[496/900] if-60 xhigh r2 rt=None ct=726 $0.00 
[497/900] if-66 xhigh r2 rt=None ct=293 $0.00 
[498/900] if-74 xhigh r2 rt=None ct=846 $0.00 
[499/900] if-69 xhigh r2 rt=None ct=3225 $0.00 
[500/900] ma-hmmt_feb_2026-28 xhigh r2 rt=None ct=54142 $0.00 
[501/900] if-78 xhigh r2 rt=None ct=4537 $0.00 
[502/900] if-94 xhigh r2 rt=None ct=206 $0.00 
[503/900] if-91 xhigh r2 rt=None ct=4776 $0.00 
[504/900] if-84 xhigh r2 rt=None ct=6515 $0.00 
[505/900] if-112 xhigh r2 rt=None ct=2837 $0.00 
[506/900] if-125 xhigh r2 rt=None ct=10609 $0.00 
[507/900] if-110 xhigh r2 rt=None ct=15189 $0.00 
[508/900] if-133 xhigh r2 rt=None ct=10588 $0.00 
[509/900] if-140 xhigh r2 rt=None ct=1177 $0.00 
[510/900] if-139 xhigh r2 rt=None ct=3659 $0.00 
[511/900] if-135 xhigh r2 rt=None ct=4490 $0.00 
[512/900] if-155 xhigh r2 rt=None ct=3441 $0.00 
[513/900] if-156 xhigh r2 rt=None ct=2852 $0.00 
[514/900] if-161 xhigh r2 rt=None ct=1424 $0.00 
[515/900] if-164 xhigh r2 rt=None ct=4383 $0.00 
[516/900] if-150 xhigh r2 rt=None ct=23372 $0.00 
[517/900] if-173 xhigh r2 rt=None ct=4186 $0.00 
[518/900] if-179 xhigh r2 rt=None ct=5374 $0.00 
[519/900] ma-hmmt_feb_2026-27 xhigh r2 rt=None ct=113840 $0.00 
[520/900] if-195 xhigh r2 rt=None ct=2706 $0.00 
[521/900] if-198 xhigh r2 rt=None ct=800 $0.00 
[522/900] if-184 xhigh r2 rt=None ct=8732 $0.00 
[523/900] if-149 xhigh r2 rt=None ct=43343 $0.00 
[524/900] if-224 xhigh r2 rt=None ct=2201 $0.00 
[525/900] if-166 xhigh r2 rt=None ct=34448 $0.00 
[526/900] if-234 xhigh r2 rt=None ct=1955 $0.00 
[527/900] if-210 xhigh r2 rt=None ct=10866 $0.00 
[528/900] if-243 xhigh r2 rt=None ct=1335 $0.00 
[529/900] if-244 xhigh r2 rt=None ct=2083 $0.00 
[530/900] if-206 xhigh r2 rt=None ct=19325 $0.00 
[531/900] if-236 xhigh r2 rt=None ct=15702 $0.00 
[532/900] if-276 xhigh r2 rt=None ct=925 $0.00 
[533/900] if-249 xhigh r2 rt=None ct=14258 $0.00 
[534/900] if-278 xhigh r2 rt=None ct=13052 $0.00 
[535/900] if-230 xhigh r2 rt=None ct=36397 $0.00 
[536/900] if-293 xhigh r2 rt=None ct=2094 $0.00 
[537/900] if-266 xhigh r2 rt=None ct=22448 $0.00 
[538/900] if-298 xhigh r2 rt=None ct=263 $0.00 
[539/900] bfcl-live_multiple_71-31-0 xhigh r2 rt=None ct=199 $0.00 
[540/900] bfcl-live_multiple_59-22-6 xhigh r2 rt=None ct=232 $0.00 
[541/900] bfcl-live_multiple_203-90-5 xhigh r2 rt=None ct=114 $0.00 
[542/900] bfcl-live_multiple_128-50-0 xhigh r2 rt=None ct=161 $0.00 
[543/900] bfcl-live_multiple_367-134-12 xhigh r2 rt=None ct=111 $0.00 
[544/900] bfcl-live_multiple_390-137-8 xhigh r2 rt=None ct=119 $0.00 
[545/900] bfcl-live_multiple_501-148-11 xhigh r2 rt=None ct=152 $0.00 
[546/900] bfcl-live_multiple_432-141-21 xhigh r2 rt=None ct=226 $0.00 
[547/900] bfcl-live_multiple_556-154-2 xhigh r2 rt=None ct=214 $0.00 
[548/900] bfcl-live_multiple_663-162-5 xhigh r2 rt=None ct=147 $0.00 
[549/900] bfcl-live_multiple_832-178-7 xhigh r2 rt=None ct=203 $0.00 
[550/900] bfcl-live_multiple_658-162-0 xhigh r2 rt=None ct=543 $0.00 
[551/900] bfcl-live_multiple_900-185-10 xhigh r2 rt=None ct=131 $0.00 
[552/900] bfcl-live_multiple_901-185-11 xhigh r2 rt=None ct=134 $0.00 
[553/900] bfcl-live_multiple_949-199-0 xhigh r2 rt=None ct=76 $0.00 
[554/900] bfcl-live_multiple_943-196-1 xhigh r2 rt=None ct=83 $0.00 
[555/900] bfcl-live_multiple_951-200-0 xhigh r2 rt=None ct=50 $0.00 
[556/900] bfcl-live_multiple_970-211-0 xhigh r2 rt=None ct=105 $0.00 
[557/900] bfcl-live_multiple_1007-236-0 xhigh r2 rt=None ct=63 $0.00 
[558/900] bfcl-live_simple_24-5-2 xhigh r2 rt=None ct=117 $0.00 
[559/900] bfcl-live_simple_25-5-3 xhigh r2 rt=None ct=180 $0.00 
[560/900] bfcl-live_simple_55-25-1 xhigh r2 rt=None ct=101 $0.00 
[561/900] bfcl-live_simple_61-29-1 xhigh r2 rt=None ct=68 $0.00 
[562/900] bfcl-live_multiple_974-214-0 xhigh r2 rt=None ct=664 $0.00 
[563/900] bfcl-live_simple_87-48-0 xhigh r2 rt=None ct=201 $0.00 
[564/900] bfcl-live_simple_98-58-0 xhigh r2 rt=None ct=134 $0.00 
[565/900] bfcl-live_simple_126-82-0 xhigh r2 rt=None ct=152 $0.00 
[566/900] bfcl-live_simple_105-62-0 xhigh r2 rt=None ct=173 $0.00 
[567/900] bfcl-live_simple_130-84-0 xhigh r2 rt=None ct=278 $0.00 
[568/900] bfcl-live_simple_137-90-0 xhigh r2 rt=None ct=269 $0.00 
[569/900] bfcl-live_simple_150-95-7 xhigh r2 rt=None ct=99 $0.00 
[570/900] bfcl-live_simple_139-92-0 xhigh r2 rt=None ct=185 $0.00 
[571/900] bfcl-live_simple_191-115-1 xhigh r2 rt=None ct=86 $0.00 
[572/900] bfcl-live_simple_181-106-0 xhigh r2 rt=None ct=235 $0.00 
[573/900] bfcl-live_simple_195-116-3 xhigh r2 rt=None ct=135 $0.00 
[574/900] bfcl-live_simple_210-117-2 xhigh r2 rt=None ct=94 $0.00 
[575/900] bfcl-live_simple_219-117-11 xhigh r2 rt=None ct=107 $0.00 
[576/900] bfcl-live_simple_228-119-0 xhigh r2 rt=None ct=85 $0.00 
[577/900] bfcl-live_simple_237-125-0 xhigh r2 rt=None ct=79 $0.00 
[578/900] bfcl-live_simple_233-123-0 xhigh r2 rt=None ct=191 $0.00 
[579/900] if-299 xhigh r2 rt=None ct=3653 $0.00 
[580/900] bfcl-irrelevance_106 xhigh r2 rt=None ct=359 $0.00 
[581/900] bfcl-irrelevance_68 xhigh r2 rt=None ct=648 $0.00 
[582/900] bfcl-irrelevance_115 xhigh r2 rt=None ct=312 $0.00 
[583/900] bfcl-irrelevance_101 xhigh r2 rt=None ct=740 $0.00 
[584/900] bfcl-irrelevance_172 xhigh r2 rt=None ct=76 $0.00 
[585/900] bfcl-irrelevance_218 xhigh r2 rt=None ct=168 $0.00 
[586/900] bfcl-irrelevance_167 xhigh r2 rt=None ct=467 $0.00 
[587/900] bfcl-live_parallel_multiple_0-0-0 xhigh r2 rt=None ct=283 $0.00 
[588/900] bfcl-live_parallel_multiple_1-1-0 xhigh r2 rt=None ct=119 $0.00 
[589/900] bfcl-irrelevance_132 xhigh r2 rt=None ct=1002 $0.00 
[590/900] bfcl-live_parallel_multiple_12-10-1 xhigh r2 rt=None ct=156 $0.00 
[591/900] bfcl-live_parallel_multiple_3-2-1 xhigh r2 rt=None ct=603 $0.00 
[592/900] bfcl-live_parallel_multiple_2-2-0 xhigh r2 rt=None ct=694 $0.00 
[593/900] bfcl-live_parallel_multiple_13-11-0 xhigh r2 rt=None ct=304 $0.00 
[594/900] bfcl-live_parallel_multiple_15-13-0 xhigh r2 rt=None ct=159 $0.00 
[595/900] bfcl-live_parallel_multiple_14-12-0 xhigh r2 rt=None ct=238 $0.00 
[596/900] bfcl-live_parallel_multiple_17-15-0 xhigh r2 rt=None ct=306 $0.00 
[597/900] bfcl-live_parallel_multiple_18-16-0 xhigh r2 rt=None ct=250 $0.00 
[598/900] bfcl-live_parallel_multiple_20-17-0 xhigh r2 rt=None ct=367 $0.00 
[599/900] bfcl-live_parallel_multiple_21-18-0 xhigh r2 rt=None ct=258 $0.00 
[600/900] rg-intermediate_integration-002 xhigh r3 rt=None ct=668 $0.00 
[601/900] rg-intermediate_integration-003 xhigh r3 rt=None ct=976 $0.00 
[602/900] rg-intermediate_integration-001 xhigh r3 rt=None ct=2085 $0.00 
[603/900] rg-intermediate_integration-004 xhigh r3 rt=None ct=784 $0.00 
[604/900] rg-intermediate_integration-000 xhigh r3 rt=None ct=3098 $0.00 
[605/900] rg-intermediate_integration-007 xhigh r3 rt=None ct=1075 $0.00 
[606/900] rg-intermediate_integration-006 xhigh r3 rt=None ct=1689 $0.00 
[607/900] rg-intermediate_integration-005 xhigh r3 rt=None ct=2606 $0.00 
[608/900] rg-propositional_logic-000 xhigh r3 rt=None ct=217 $0.00 
[609/900] rg-intermediate_integration-008 xhigh r3 rt=None ct=1162 $0.00 
[610/900] rg-intermediate_integration-009 xhigh r3 rt=None ct=1047 $0.00 
[611/900] rg-propositional_logic-003 xhigh r3 rt=None ct=1518 $0.00 
[612/900] rg-propositional_logic-002 xhigh r3 rt=None ct=2522 $0.00 
[613/900] rg-propositional_logic-005 xhigh r3 rt=None ct=1733 $0.00 
[614/900] rg-propositional_logic-006 xhigh r3 rt=None ct=285 $0.00 
[615/900] rg-propositional_logic-001 xhigh r3 rt=None ct=6159 $0.00 
[616/900] if-285 xhigh r2 rt=None ct=27577 $0.00 
[617/900] rg-propositional_logic-004 xhigh r3 rt=None ct=4704 $0.00 
[618/900] rg-propositional_logic-009 xhigh r3 rt=None ct=577 $0.00 
[619/900] rg-word_ladder-000 xhigh r3 rt=None ct=465 $0.00 
[620/900] rg-word_ladder-002 xhigh r3 rt=None ct=550 $0.00 
[621/900] rg-propositional_logic-008 xhigh r3 rt=None ct=1973 $0.00 
[622/900] rg-propositional_logic-007 xhigh r3 rt=None ct=3734 $0.00 
[623/900] rg-word_ladder-003 xhigh r3 rt=None ct=1457 $0.00 
[624/900] rg-word_ladder-001 xhigh r3 rt=None ct=3971 $0.00 
[625/900] rg-word_ladder-007 xhigh r3 rt=None ct=883 $0.00 
[626/900] rg-number_sequence-000 xhigh r3 rt=None ct=1232 $0.00 
[627/900] rg-number_sequence-001 xhigh r3 rt=None ct=370 $0.00 
[628/900] rg-number_sequence-002 xhigh r3 rt=None ct=55 $0.00 
[629/900] rg-number_sequence-003 xhigh r3 rt=None ct=72 $0.00 
[630/900] rg-number_sequence-004 xhigh r3 rt=None ct=56 $0.00 
[631/900] rg-number_sequence-005 xhigh r3 rt=None ct=2459 $0.00 
[632/900] rg-word_ladder-004 xhigh r3 rt=None ct=8587 $0.00 
[633/900] rg-number_sequence-007 xhigh r3 rt=None ct=709 $0.00 
[634/900] rg-word_ladder-005 xhigh r3 rt=None ct=25059 $0.00 
[635/900] rg-rush_hour-000 xhigh r3 rt=None ct=25863 $0.00 
[636/900] rg-rush_hour-002 xhigh r3 rt=None ct=3574 $0.00 
[637/900] rg-number_sequence-006 xhigh r3 rt=None ct=38148 $0.00 
[638/900] ma-hmmt_feb_2026-4 xhigh r3 rt=None ct=2143 $0.00 
[639/900] rg-rush_hour-001 xhigh r3 rt=None ct=25005 $0.00 
[640/900] rg-rush_hour-003 xhigh r3 rt=None ct=19303 $0.00 
[641/900] ma-hmmt_feb_2026-5 xhigh r3 rt=None ct=27485 $0.00 
[642/900] ma-hmmt_feb_2026-11 xhigh r3 rt=None ct=853 $0.00 
[643/900] ma-hmmt_feb_2026-13 xhigh r3 rt=None ct=20063 $0.00 
[644/900] ma-hmmt_feb_2026-14 xhigh r3 rt=None ct=5573 $0.00 
[645/900] ma-hmmt_feb_2026-9 xhigh r3 rt=None ct=45055 $0.00 
[646/900] ma-hmmt_feb_2026-26 xhigh r3 rt=None ct=25306 $0.00 
[647/900] ma-hmmt_feb_2026-7 xhigh r3 rt=None ct=79960 $0.00 
[648/900] rg-word_ladder-006 xhigh r3 rt=None ct=131072 $0.00 
[649/900] ma-hmmt_feb_2026-32 xhigh r3 rt=None ct=12915 $0.00 
[650/900] ma-aime_2026-2 xhigh r3 rt=None ct=2083 $0.00 
[651/900] ma-hmmt_feb_2026-30 xhigh r3 rt=None ct=22566 $0.00 
[652/900] ma-aime_2026-21 xhigh r3 rt=None ct=8413 $0.00 
[653/900] ma-hmmt_feb_2026-25 xhigh r3 rt=None ct=118407 $0.00 
[654/900] ma-aime_2026-30 xhigh r3 rt=None ct=59428 $0.00 
[655/900] if-18 xhigh r3 rt=None ct=512 $0.00 
[656/900] if-44 xhigh r3 rt=None ct=1510 $0.00 
[657/900] if-49 xhigh r3 rt=None ct=5796 $0.00 
[658/900] if-5 xhigh r3 rt=None ct=9572 $0.00 
[659/900] if-97 xhigh r3 rt=None ct=712 $0.00 
[660/900] if-89 xhigh r3 rt=None ct=2727 $0.00 
[661/900] if-99 xhigh r3 rt=None ct=902 $0.00 
[662/900] if-160 xhigh r3 rt=None ct=2139 $0.00 
[663/900] if-170 xhigh r3 rt=None ct=6527 $0.00 
[664/900] if-197 xhigh r3 rt=None ct=2253 $0.00 
[665/900] ma-aime_2026-15 xhigh r3 rt=None ct=100675 $0.00 
[666/900] ma-hmmt_feb_2026-29 xhigh r3 rt=None ct=124031 $0.00 
[667/900] if-204 xhigh r3 rt=None ct=15627 $0.00 
[668/900] if-209 xhigh r3 rt=None ct=8868 $0.00 
[669/900] if-221 xhigh r3 rt=None ct=4069 $0.00 
[670/900] if-245 xhigh r3 rt=None ct=1800 $0.00 
[671/900] if-239 xhigh r3 rt=None ct=7739 $0.00 
[672/900] if-248 xhigh r3 rt=None ct=4955 $0.00 
[673/900] if-283 xhigh r3 rt=None ct=330 $0.00 
[674/900] bfcl-live_multiple_121-46-0 xhigh r3 rt=None ct=402 $0.00 
[675/900] bfcl-live_multiple_286-129-1 xhigh r3 rt=None ct=189 $0.00 
[676/900] bfcl-live_multiple_316-132-6 xhigh r3 rt=None ct=106 $0.00 
[677/900] bfcl-live_multiple_562-155-2 xhigh r3 rt=None ct=97 $0.00 
[678/900] bfcl-live_multiple_607-159-0 xhigh r3 rt=None ct=473 $0.00 
[679/900] bfcl-live_multiple_628-160-8 xhigh r3 rt=None ct=134 $0.00 
[680/900] bfcl-live_multiple_802-175-8 xhigh r3 rt=None ct=109 $0.00 
[681/900] bfcl-live_multiple_1030-258-0 xhigh r3 rt=None ct=819 $0.00 
[682/900] bfcl-live_simple_4-3-0 xhigh r3 rt=None ct=92 $0.00 
[683/900] bfcl-live_simple_118-74-0 xhigh r3 rt=None ct=68 $0.00 
[684/900] bfcl-live_simple_158-95-15 xhigh r3 rt=None ct=113 $0.00 
[685/900] bfcl-live_simple_173-99-7 xhigh r3 rt=None ct=52 $0.00 
[686/900] bfcl-live_simple_176-102-0 xhigh r3 rt=None ct=355 $0.00 
[687/900] bfcl-live_simple_180-105-0 xhigh r3 rt=None ct=317 $0.00 
[688/900] bfcl-live_simple_222-117-14 xhigh r3 rt=None ct=130 $0.00 
[689/900] bfcl-live_simple_234-123-1 xhigh r3 rt=None ct=353 $0.00 
[690/900] bfcl-irrelevance_1 xhigh r3 rt=None ct=364 $0.00 
[691/900] if-205 xhigh r3 rt=None ct=26113 $0.00 
[692/900] bfcl-irrelevance_149 xhigh r3 rt=None ct=393 $0.00 
[693/900] bfcl-irrelevance_81 xhigh r3 rt=None ct=767 $0.00 
[694/900] bfcl-irrelevance_221 xhigh r3 rt=None ct=532 $0.00 
[695/900] bfcl-live_parallel_multiple_4-3-0 xhigh r3 rt=None ct=377 $0.00 
[696/900] bfcl-live_parallel_multiple_7-6-0 xhigh r3 rt=None ct=220 $0.00 
[697/900] bfcl-live_parallel_multiple_16-14-0 xhigh r3 rt=None ct=118 $0.00 
[698/900] bfcl-live_parallel_multiple_19-16-1 xhigh r3 rt=None ct=228 $0.00 
[699/900] rg-intermediate_integration-110 xhigh r3 rt=None ct=698 $0.00 
[700/900] if-124 xhigh r3 rt=None ct=44514 $0.00 
[701/900] rg-intermediate_integration-111 xhigh r3 rt=None ct=1785 $0.00 
[702/900] rg-intermediate_integration-112 xhigh r3 rt=None ct=1449 $0.00 
[703/900] rg-intermediate_integration-113 xhigh r3 rt=None ct=2066 $0.00 
[704/900] rg-intermediate_integration-116 xhigh r3 rt=None ct=676 $0.00 
[705/900] rg-intermediate_integration-115 xhigh r3 rt=None ct=1590 $0.00 
[706/900] rg-intermediate_integration-117 xhigh r3 rt=None ct=1968 $0.00 
[707/900] rg-intermediate_integration-119 xhigh r3 rt=None ct=588 $0.00 
[708/900] if-268 xhigh r3 rt=None ct=12188 $0.00 
[709/900] rg-intermediate_integration-121 xhigh r3 rt=None ct=455 $0.00 
[710/900] rg-intermediate_integration-122 xhigh r3 rt=None ct=536 $0.00 
[711/900] rg-intermediate_integration-114 xhigh r3 rt=None ct=5395 $0.00 
[712/900] rg-intermediate_integration-120 xhigh r3 rt=None ct=1500 $0.00 
[713/900] rg-intermediate_integration-123 xhigh r3 rt=None ct=636 $0.00 
[714/900] rg-intermediate_integration-124 xhigh r3 rt=None ct=865 $0.00 
[715/900] rg-intermediate_integration-126 xhigh r3 rt=None ct=981 $0.00 
[716/900] rg-intermediate_integration-127 xhigh r3 rt=None ct=1092 $0.00 
[717/900] rg-intermediate_integration-128 xhigh r3 rt=None ct=499 $0.00 
[718/900] rg-intermediate_integration-130 xhigh r3 rt=None ct=1304 $0.00 
[719/900] rg-intermediate_integration-125 xhigh r3 rt=None ct=3800 $0.00 
[720/900] rg-propositional_logic-112 xhigh r3 rt=None ct=2786 $0.00 
[721/900] rg-intermediate_integration-118 xhigh r3 rt=None ct=11352 $0.00 
[722/900] rg-propositional_logic-114 xhigh r3 rt=None ct=572 $0.00 
[723/900] rg-propositional_logic-110 xhigh r3 rt=None ct=6360 $0.00 
[724/900] rg-propositional_logic-111 xhigh r3 rt=None ct=5749 $0.00 
[725/900] rg-propositional_logic-117 xhigh r3 rt=None ct=383 $0.00 
[726/900] rg-propositional_logic-118 xhigh r3 rt=None ct=906 $0.00 
[727/900] rg-propositional_logic-119 xhigh r3 rt=None ct=3068 $0.00 
[728/900] rg-propositional_logic-120 xhigh r3 rt=None ct=991 $0.00 
[729/900] rg-propositional_logic-115 xhigh r3 rt=None ct=6604 $0.00 
[730/900] rg-propositional_logic-121 xhigh r3 rt=None ct=1727 $0.00 
[731/900] rg-propositional_logic-123 xhigh r3 rt=None ct=217 $0.00 
[732/900] rg-propositional_logic-124 xhigh r3 rt=None ct=91 $0.00 
[733/900] rg-propositional_logic-122 xhigh r3 rt=None ct=2941 $0.00 
[734/900] rg-propositional_logic-116 xhigh r3 rt=None ct=9513 $0.00 
[735/900] rg-propositional_logic-126 xhigh r3 rt=None ct=973 $0.00 
[736/900] rg-propositional_logic-127 xhigh r3 rt=None ct=4615 $0.00 
[737/900] rg-propositional_logic-128 xhigh r3 rt=None ct=4213 $0.00 
[738/900] rg-propositional_logic-129 xhigh r3 rt=None ct=811 $0.00 
[739/900] rg-word_ladder-109 xhigh r3 rt=None ct=494 $0.00 
[740/900] rg-word_ladder-108 xhigh r3 rt=None ct=1049 $0.00 
[741/900] rg-propositional_logic-125 xhigh r3 rt=None ct=9218 $0.00 
[742/900] rg-word_ladder-111 xhigh r3 rt=None ct=1955 $0.00 
[743/900] rg-word_ladder-112 xhigh r3 rt=None ct=2143 $0.00 
[744/900] rg-word_ladder-110 xhigh r3 rt=None ct=7649 $0.00 
[745/900] rg-word_ladder-113 xhigh r3 rt=None ct=5880 $0.00 
[746/900] rg-propositional_logic-113 xhigh r3 rt=None ct=25314 $0.00 
[747/900] rg-word_ladder-115 xhigh r3 rt=None ct=1791 $0.00 
[748/900] rg-word_ladder-116 xhigh r3 rt=None ct=2011 $0.00 
[749/900] rg-word_ladder-118 xhigh r3 rt=None ct=777 $0.00 
[750/900] rg-word_ladder-117 xhigh r3 rt=None ct=4090 $0.00 
[751/900] rg-word_ladder-119 xhigh r3 rt=None ct=3657 $0.00 
[752/900] rg-word_ladder-121 xhigh r3 rt=None ct=2579 $0.00 
[753/900] rg-word_ladder-122 xhigh r3 rt=None ct=1412 $0.00 
[754/900] rg-number_sequence-108 xhigh r3 rt=None ct=930 $0.00 
[755/900] rg-word_ladder-120 xhigh r3 rt=None ct=6137 $0.00 
[756/900] rg-word_ladder-123 xhigh r3 rt=None ct=2723 $0.00 
[757/900] rg-number_sequence-111 xhigh r3 rt=None ct=122 $0.00 
[758/900] rg-word_ladder-114 xhigh r3 rt=None ct=14207 $0.00 
[759/900] rg-number_sequence-112 xhigh r3 rt=None ct=280 $0.00 
[760/900] rg-number_sequence-114 xhigh r3 rt=None ct=76 $0.00 
[761/900] rg-number_sequence-113 xhigh r3 rt=None ct=274 $0.00 
[762/900] rg-number_sequence-115 xhigh r3 rt=None ct=87 $0.00 
[763/900] rg-number_sequence-117 xhigh r3 rt=None ct=2155 $0.00 
[764/900] rg-number_sequence-118 xhigh r3 rt=None ct=41 $0.00 
[765/900] rg-number_sequence-119 xhigh r3 rt=None ct=197 $0.00 
[766/900] rg-number_sequence-120 xhigh r3 rt=None ct=473 $0.00 
[767/900] rg-number_sequence-121 xhigh r3 rt=None ct=340 $0.00 
[768/900] rg-number_sequence-122 xhigh r3 rt=None ct=159 $0.00 
[769/900] rg-number_sequence-123 xhigh r3 rt=None ct=119 $0.00 
[770/900] rg-number_sequence-124 xhigh r3 rt=None ct=459 $0.00 
[771/900] rg-number_sequence-116 xhigh r3 rt=None ct=13528 $0.00 
[772/900] rg-number_sequence-126 xhigh r3 rt=None ct=18943 $0.00 
[773/900] rg-number_sequence-127 xhigh r3 rt=None ct=173 $0.00 
[774/900] rg-number_sequence-125 xhigh r3 rt=None ct=28917 $0.00 
[775/900] rg-number_sequence-109 xhigh r3 rt=None ct=36938 $0.00 
[776/900] rg-rush_hour-105 xhigh r3 rt=None ct=9963 $0.00 
[777/900] rg-rush_hour-107 xhigh r3 rt=None ct=5220 $0.00 
[778/900] rg-rush_hour-106 xhigh r3 rt=None ct=18162 $0.00 
[779/900] ma-hmmt_feb_2026-2 xhigh r3 rt=None ct=7326 $0.00 
[780/900] rg-rush_hour-104 xhigh r3 rt=None ct=25506 $0.00 
[781/900] rg-number_sequence-110 xhigh r3 rt=None ct=61020 $0.00 
[782/900] ma-hmmt_feb_2026-6 xhigh r3 rt=None ct=27738 $0.00 
[783/900] ma-hmmt_feb_2026-10 xhigh r3 rt=None ct=23201 $0.00 
[784/900] ma-hmmt_feb_2026-8 xhigh r3 rt=None ct=31048 $0.00 
[785/900] ma-hmmt_feb_2026-24 xhigh r3 rt=None ct=4026 $0.00 
[786/900] ma-hmmt_feb_2026-23 xhigh r3 rt=None ct=13241 $0.00 
[787/900] ma-hmmt_feb_2026-18 xhigh r3 rt=None ct=66647 $0.00 
[788/900] ma-hmmt_feb_2026-19 xhigh r3 rt=None ct=59962 $0.00 
[789/900] ma-hmmt_feb_2026-28 xhigh r3 rt=None ct=49672 $0.00 
[790/900] if-11 xhigh r3 rt=None ct=5778 $0.00 
[791/900] if-21 xhigh r3 rt=None ct=906 $0.00 
[792/900] ma-hmmt_feb_2026-31 xhigh r3 rt=None ct=24558 $0.00 
[793/900] if-12 xhigh r3 rt=None ct=5930 $0.00 
[794/900] if-33 xhigh r3 rt=None ct=436 $0.00 
[795/900] if-60 xhigh r3 rt=None ct=311 $0.00 
[796/900] if-66 xhigh r3 rt=None ct=522 $0.00 
[797/900] if-30 xhigh r3 rt=None ct=2141 $0.00 
[798/900] if-69 xhigh r3 rt=None ct=2535 $0.00 
[799/900] if-74 xhigh r3 rt=None ct=1848 $0.00 
[800/900] if-29 xhigh r3 rt=None ct=12396 $0.00 
[801/900] if-78 xhigh r3 rt=None ct=6261 $0.00 
[802/900] if-94 xhigh r3 rt=None ct=154 $0.00 
[803/900] if-91 xhigh r3 rt=None ct=1690 $0.00 
[804/900] if-84 xhigh r3 rt=None ct=8423 $0.00 
[805/900] if-110 xhigh r3 rt=None ct=3504 $0.00 
[806/900] if-125 xhigh r3 rt=None ct=4683 $0.00 
[807/900] if-133 xhigh r3 rt=None ct=4014 $0.00 
[808/900] if-135 xhigh r3 rt=None ct=3031 $0.00 
[809/900] if-139 xhigh r3 rt=None ct=3294 $0.00 
[810/900] if-112 xhigh r3 rt=None ct=12980 $0.00 
[811/900] if-140 xhigh r3 rt=None ct=4363 $0.00 
[812/900] if-155 xhigh r3 rt=None ct=3857 $0.00 
[813/900] if-156 xhigh r3 rt=None ct=1237 $0.00 
[814/900] if-161 xhigh r3 rt=None ct=1153 $0.00 
[815/900] ma-hmmt_feb_2026-27 xhigh r3 rt=None ct=94027 $0.00 
[816/900] if-149 xhigh r3 rt=None ct=15474 $0.00 
[817/900] if-164 xhigh r3 rt=None ct=7188 $0.00 
[818/900] if-179 xhigh r3 rt=None ct=4310 $0.00 
[819/900] if-150 xhigh r3 rt=None ct=20281 $0.00 
[820/900] if-173 xhigh r3 rt=None ct=9403 $0.00 
[821/900] if-198 xhigh r3 rt=None ct=1829 $0.00 
[822/900] if-195 xhigh r3 rt=None ct=3516 $0.00 
[823/900] if-210 xhigh r3 rt=None ct=6685 $0.00 
[824/900] if-184 xhigh r3 rt=None ct=12618 $0.00 
[825/900] if-166 xhigh r3 rt=None ct=21923 $0.00 
[826/900] if-234 xhigh r3 rt=None ct=1330 $0.00 
[827/900] if-224 xhigh r3 rt=None ct=3578 $0.00 
[828/900] if-236 xhigh r3 rt=None ct=3616 $0.00 
[829/900] if-243 xhigh r3 rt=None ct=4752 $0.00 
[830/900] if-244 xhigh r3 rt=None ct=1919 $0.00 
[831/900] if-266 xhigh r3 rt=None ct=4619 $0.00 
[832/900] if-276 xhigh r3 rt=None ct=1016 $0.00 
[833/900] if-206 xhigh r3 rt=None ct=29647 $0.00 
[834/900] if-249 xhigh r3 rt=None ct=18775 $0.00 
[835/900] if-293 xhigh r3 rt=None ct=1200 $0.00 
[836/900] if-298 xhigh r3 rt=None ct=348 $0.00 
[837/900] if-285 xhigh r3 rt=None ct=8071 $0.00 
[838/900] bfcl-live_multiple_59-22-6 xhigh r3 rt=None ct=247 $0.00 
[839/900] bfcl-live_multiple_71-31-0 xhigh r3 rt=None ct=186 $0.00 
[840/900] if-299 xhigh r3 rt=None ct=2828 $0.00 
[841/900] bfcl-live_multiple_128-50-0 xhigh r3 rt=None ct=145 $0.00 
[842/900] bfcl-live_multiple_367-134-12 xhigh r3 rt=None ct=146 $0.00 
[843/900] bfcl-live_multiple_203-90-5 xhigh r3 rt=None ct=257 $0.00 
[844/900] bfcl-live_multiple_390-137-8 xhigh r3 rt=None ct=103 $0.00 
[845/900] bfcl-live_multiple_501-148-11 xhigh r3 rt=None ct=125 $0.00 
[846/900] bfcl-live_multiple_432-141-21 xhigh r3 rt=None ct=183 $0.00 
[847/900] bfcl-live_multiple_556-154-2 xhigh r3 rt=None ct=263 $0.00 
[848/900] bfcl-live_multiple_663-162-5 xhigh r3 rt=None ct=138 $0.00 
[849/900] bfcl-live_multiple_832-178-7 xhigh r3 rt=None ct=193 $0.00 
[850/900] bfcl-live_multiple_900-185-10 xhigh r3 rt=None ct=161 $0.00 
[851/900] bfcl-live_multiple_901-185-11 xhigh r3 rt=None ct=131 $0.00 
[852/900] bfcl-live_multiple_943-196-1 xhigh r3 rt=None ct=55 $0.00 
[853/900] bfcl-live_multiple_949-199-0 xhigh r3 rt=None ct=66 $0.00 
[854/900] bfcl-live_multiple_658-162-0 xhigh r3 rt=None ct=1024 $0.00 
[855/900] bfcl-live_multiple_951-200-0 xhigh r3 rt=None ct=57 $0.00 
[856/900] bfcl-live_multiple_970-211-0 xhigh r3 rt=None ct=122 $0.00 
[857/900] bfcl-live_multiple_1007-236-0 xhigh r3 rt=None ct=59 $0.00 
[858/900] bfcl-live_simple_24-5-2 xhigh r3 rt=None ct=104 $0.00 
[859/900] bfcl-live_simple_25-5-3 xhigh r3 rt=None ct=126 $0.00 
[860/900] bfcl-live_simple_55-25-1 xhigh r3 rt=None ct=116 $0.00 
[861/900] bfcl-live_simple_61-29-1 xhigh r3 rt=None ct=81 $0.00 
[862/900] bfcl-live_simple_87-48-0 xhigh r3 rt=None ct=100 $0.00 
[863/900] bfcl-live_simple_98-58-0 xhigh r3 rt=None ct=135 $0.00 
[864/900] bfcl-live_simple_105-62-0 xhigh r3 rt=None ct=130 $0.00 
[865/900] bfcl-live_simple_126-82-0 xhigh r3 rt=None ct=180 $0.00 
[866/900] bfcl-live_simple_130-84-0 xhigh r3 rt=None ct=363 $0.00 
[867/900] bfcl-live_multiple_974-214-0 xhigh r3 rt=None ct=1639 $0.00 
[868/900] bfcl-live_simple_137-90-0 xhigh r3 rt=None ct=169 $0.00 
[869/900] bfcl-live_simple_139-92-0 xhigh r3 rt=None ct=213 $0.00 
[870/900] bfcl-live_simple_150-95-7 xhigh r3 rt=None ct=202 $0.00 
[871/900] bfcl-live_simple_191-115-1 xhigh r3 rt=None ct=127 $0.00 
[872/900] bfcl-live_simple_181-106-0 xhigh r3 rt=None ct=161 $0.00 
[873/900] bfcl-live_simple_195-116-3 xhigh r3 rt=None ct=116 $0.00 
[874/900] bfcl-live_simple_210-117-2 xhigh r3 rt=None ct=123 $0.00 
[875/900] bfcl-live_simple_228-119-0 xhigh r3 rt=None ct=100 $0.00 
[876/900] bfcl-live_simple_219-117-11 xhigh r3 rt=None ct=109 $0.00 
[877/900] bfcl-live_simple_237-125-0 xhigh r3 rt=None ct=75 $0.00 
[878/900] if-278 xhigh r3 rt=None ct=21129 $0.00 
[879/900] bfcl-live_simple_233-123-0 xhigh r3 rt=None ct=127 $0.00 
[880/900] bfcl-irrelevance_101 xhigh r3 rt=None ct=667 $0.00 
[881/900] bfcl-irrelevance_106 xhigh r3 rt=None ct=814 $0.00 
[882/900] bfcl-irrelevance_68 xhigh r3 rt=None ct=900 $0.00 
[883/900] bfcl-irrelevance_115 xhigh r3 rt=None ct=220 $0.00 
[884/900] bfcl-irrelevance_172 xhigh r3 rt=None ct=57 $0.00 
[885/900] bfcl-irrelevance_167 xhigh r3 rt=None ct=179 $0.00 
[886/900] bfcl-irrelevance_218 xhigh r3 rt=None ct=126 $0.00 
[887/900] bfcl-live_parallel_multiple_1-1-0 xhigh r3 rt=None ct=143 $0.00 
[888/900] bfcl-irrelevance_132 xhigh r3 rt=None ct=438 $0.00 
[889/900] bfcl-live_parallel_multiple_0-0-0 xhigh r3 rt=None ct=257 $0.00 
[890/900] bfcl-live_parallel_multiple_12-10-1 xhigh r3 rt=None ct=117 $0.00 
[891/900] bfcl-live_parallel_multiple_2-2-0 xhigh r3 rt=None ct=256 $0.00 
[892/900] bfcl-live_parallel_multiple_13-11-0 xhigh r3 rt=None ct=275 $0.00 
[893/900] bfcl-live_parallel_multiple_3-2-1 xhigh r3 rt=None ct=454 $0.00 
[894/900] bfcl-live_parallel_multiple_14-12-0 xhigh r3 rt=None ct=255 $0.00 
[895/900] bfcl-live_parallel_multiple_15-13-0 xhigh r3 rt=None ct=164 $0.00 
[896/900] bfcl-live_parallel_multiple_18-16-0 xhigh r3 rt=None ct=221 $0.00 
[897/900] bfcl-live_parallel_multiple_17-15-0 xhigh r3 rt=None ct=518 $0.00 
[898/900] bfcl-live_parallel_multiple_20-17-0 xhigh r3 rt=None ct=376 $0.00 
[899/900] bfcl-live_parallel_multiple_21-18-0 xhigh r3 rt=None ct=288 $0.00 
[900/900] if-230 xhigh r3 rt=None ct=64014 $0.00 
done in 448.2 min: ok=600 skip=300 err=0 cost=$0.00
[15:25:28] === SCORING ===
effort   rep  block                 pass   rate          95% CI
low      r1   quant-core-if      35/69    0.507 [0.392,0.622]
low      r1   quant-core-math    16/27    0.593 [0.407,0.755]
low      r1   quant-core-rg      80/120   0.667 [0.578,0.745]
low      r1   tool-calling       70/84    0.833 [0.739,0.898]
medium   r1   quant-core-if      39/69    0.565 [0.448,0.676]
medium   r1   quant-core-math    16/27    0.593 [0.407,0.755]
medium   r1   quant-core-rg      93/120   0.775 [0.692,0.841]
medium   r1   tool-calling       66/84    0.786 [0.687,0.860]
off      r1   quant-core-if      23/69    0.333 [0.234,0.451]
off      r1   quant-core-math    11/27    0.407 [0.245,0.593]
off      r1   quant-core-rg      90/120   0.750 [0.666,0.819]
off      r1   tool-calling       66/84    0.786 [0.687,0.860]
xhigh    r1   quant-core-if      53/69    0.768 [0.656,0.852]
xhigh    r1   quant-core-math    19/27    0.704 [0.515,0.841]
xhigh    r1   quant-core-rg     106/120   0.883 [0.814,0.929]
xhigh    r1   tool-calling       68/84    0.810 [0.713,0.879]
xhigh    r2   quant-core-if      51/69    0.739 [0.625,0.828]
xhigh    r2   quant-core-math    19/27    0.704 [0.515,0.841]
xhigh    r2   quant-core-rg     104/120   0.867 [0.794,0.916]
xhigh    r2   tool-calling       67/84    0.798 [0.700,0.870]
xhigh    r3   quant-core-if      53/69    0.768 [0.656,0.852]
xhigh    r3   quant-core-math    20/27    0.741 [0.553,0.868]
xhigh    r3   quant-core-rg     103/120   0.858 [0.785,0.910]
xhigh    r3   tool-calling       67/84    0.798 [0.700,0.870]

saved: /mnt/nvme/work/benchmarks/quant-bench-v2/runs/quant-awq/scored.jsonl
[15:25:31] ALL DONE: awq
[15:25:31] stopping server 2631290
[15:25:33] AWQ завершён
